209000,421,Harcourts,Poulton le Fylde,TH7G 8GH,United Kingdom
209001,1046,Edwards,Ashton in Makerfield,WU3T 9YF,United Kingdom
209002,682,Cornmill,Birmingham,WO0S 5NP,United Kingdom
209003,660,Druminiskill,Clevedon,IV5P 3JJ,United Kingdom
209004,1199,Ballyskeagh,Westhoughton,ZV9O 6GP,United Kingdom
209005,495,Dergvale,Abingdon,XJ7T 4RC,United Kingdom
209006,578,Greenaway,Chester,QI4D 0OI,United Kingdom
209007,300,Crunagh,Wymondham,DC7B 2GA,United Kingdom
209008,285,Fairfield,Strood,KI3B 7LW,United Kingdom
209009,1372,Lisnamanny,Wakefield,WU0K 6JG,United Kingdom
209010,318,Ballykennedy,Pembroke,QY4Y 1DD,United Kingdom
209011,495,Hendra,Houghton le Spring,OK8Z 6GI,United Kingdom
209012,1041,Inishowen,Melton Mowbray,XC6J 8OK,United Kingdom
209013,1275,Kilmacbrack,Leominster,KH6H 0OO,United Kingdom
209014,182,Cloreen,Blaenau Ffestiniog,ZC8P 9OK,United Kingdom
209015,1214,Cranborne,South Molton,PB7G 2DJ,United Kingdom
209016,279,Hughenden,Kettering,UC9C 0XB,United Kingdom
209017,1189,Broagh,East Kilbride,KN2J 2IP,United Kingdom
209018,865,Kilbroney,Crowthorne,EI0J 1UZ,United Kingdom
209019,1237,Kittybane,Olney,NQ1U 0JO,United Kingdom
209020,411,Creeslough,South Molton,CT4U 7IA,United Kingdom
209021,1331,Cotterhill,Whitby,ZK9D 7XP,United Kingdom
209022,199,Desertlyn,Heathfield,IX5U 3FW,United Kingdom
209023,1027,Drumlyon,Denbigh,HM3C 5FW,United Kingdom
209024,1069,Fenton,Camelford,HY0Q 6FI,United Kingdom
209025,1103,Glenmount,Alcester,TC7M 6IR,United Kingdom
209026,7,Ballyrogan,Carrickfergus,IY9K 2ZJ,United Kingdom
209027,547,Kimona,Brentwood,GG0L 1HK,United Kingdom
209028,669,Blackberry,Bexhill on Sea,CZ3E 3LJ,United Kingdom
209029,645,Coulters,Salcombe,MH6P 4VQ,United Kingdom
209030,1251,Holestone,Market Harborough,HW7D 1ZM,United Kingdom
209031,1316,Ingrams,Machynlleth,JB2W 0CM,United Kingdom
209032,1211,Dennet,Horley,IE5D 9FN,United Kingdom
209033,592,Dalry,Coventry,US5L 0SU,United Kingdom
209034,20,Derrylappen,Hadleigh,QQ0A 9SY,United Kingdom
209035,210,Dunarden,Dereham,KY7Y 3ON,United Kingdom
209036,697,Corr,Taunton,VI7J 5IX,United Kingdom
209037,203,Close,Ammanford,CD4A 8FM,United Kingdom
209038,1110,Battery,Walton on the Naze,QU1W 5AM,United Kingdom
209039,1060,Barnish,Tring,PX2P 0ON,United Kingdom
209040,1184,Drumhack,Elgin,EI6S 6QW,United Kingdom
209041,566,Kilrea,Dungannon,DG2G 9SU,United Kingdom
209042,182,Kilmacbrack,Tobermory,DT6A 6SD,United Kingdom
209043,586,Enagh,Bradford,ZN6V 5EA,United Kingdom
209044,1062,Edgewater,Burnham on Crouch,PH3K 5MK,United Kingdom
209045,749,Crewe,Criccieth,LY7A 2RT,United Kingdom
209046,1243,Kavanagh,Cambridge,BD0R 2NS,United Kingdom
209047,670,Brians,Gourock,YX0I 8VO,United Kingdom
209048,797,Brooklawns,Thurso,FO1W 7IV,United Kingdom
209049,465,Fairfield,Camberley,EE0V 2RD,United Kingdom
209050,217,Dalways,Widnes,BR0J 0LM,United Kingdom
209051,986,Lattone,South Molton,PD1Q 6WM,United Kingdom
209052,903,Fairyknowe,Reading,MK5J 0JV,United Kingdom
209053,588,Drumsnade,Witney,ST3U 1JA,United Kingdom
209054,1023,Ballylagan,Totton,OT3D 5XF,United Kingdom
209055,354,Devonshire,Chichester,IW4U 0BE,United Kingdom
209056,118,Castlerocklands,Hessle,DD6T 4JM,United Kingdom
209057,412,Hillman,Burnham on Sea,FJ7S 4IE,United Kingdom
209058,1365,Legaroe,Cheltenham,SJ3P 5KA,United Kingdom
209059,1299,Brockagh,Orpington,BJ3W 1FG,United Kingdom
209060,458,Broughton,Fishguard,QJ9Q 3XX,United Kingdom
209061,1120,Greenisland,Hitchin,BC0O 3JF,United Kingdom
209062,380,Bankheads,Newcastle upon Tyne,YH9H 8GT,United Kingdom
209063,218,Dill,Inverurie,FT4S 0GW,United Kingdom
209064,831,Laurel,Wigtown,NH2K 1SA,United Kingdom
209065,178,Dove,Rugby,QO0M 0ZN,United Kingdom
209066,482,Dunclug,Ilford,HX7R 2ED,United Kingdom
209067,1112,Legaterriff,Edinburgh,ZE6U 8AC,United Kingdom
209068,49,Dunowen,Tredegar,OZ2S 6UI,United Kingdom
209069,620,Fallagh,Truro,UE8Q 6JX,United Kingdom
209070,1077,Ballyedock,Lossiemouth,EH1U 5IE,United Kingdom
209071,1001,Knockavaddy,Alloa,RQ8P 3ZW,United Kingdom
209072,719,Greenogue,Inverkeithing,SQ2L 4WB,United Kingdom
209073,302,Bovean,Rhyl,GC0J 3XM,United Kingdom
209074,630,Ferngrove,East Kilbride,BA4R 7KF,United Kingdom
209075,954,Letfern,Wells,MS2M 1UW,United Kingdom
209076,1013,Coneyburrow,Inverurie,DW6N 6WW,United Kingdom
209077,603,Ballooleymore,Lowestoft,TS4H 9RZ,United Kingdom
209078,856,Front,Ilkley,IQ0F 9EA,United Kingdom
209079,677,Kinwood,Callander,VJ1Y 3SS,United Kingdom
209080,305,Cregganduff,Wells next the Sea,XJ2O 0BK,United Kingdom
209081,149,Dans,Crickhowell,SL6X 5UW,United Kingdom
209082,59,Lexington,Wantage,GY4A 1LR,United Kingdom
209083,635,Ballystrone,Cwmbran,QG3E 0IT,United Kingdom
209084,227,Bratwell,Arundel,VH4E 4EX,United Kingdom
209085,525,Convention,Chatham,WB6J 3UB,United Kingdom
209086,1388,Bowara,Elgin,ED3T 5NH,United Kingdom
209087,747,Glebetown,Auchtermuchty,SP9J 5BC,United Kingdom
209088,122,Kilhoyle,Keynsham,ZZ3K 6VT,United Kingdom
209089,14,Ballytromery,Denbigh,OL8G 1YL,United Kingdom
209090,691,Derryscollop,Fairford,YR9O 5AQ,United Kingdom
209091,398,Hillside,Alford,SV0A 0KE,United Kingdom
209092,463,Kingsfort,Strabane,VZ1M 0YQ,United Kingdom
209093,103,Grahamsbridge,Alston,JY5X 9FQ,United Kingdom
209094,554,Ireton,Cromarty,GT0Z 7MM,United Kingdom
209095,1094,Islandmore,Petersfield,IH5O 8VR,United Kingdom
209096,205,Kilcreevy,Sandy,IY2L 2IE,United Kingdom
209097,743,Dingwell,Preston,TK5Z 9TA,United Kingdom
209098,259,Knockvale,Killyleagh,ZU8L 4SB,United Kingdom
209099,578,Ballymacawley,Keynsham,WV3G 8VP,United Kingdom
209100,792,Feigh,Reigate,HF9J 2LO,United Kingdom
209101,1140,Cappagh,Penrith,OJ2L 3KV,United Kingdom
209102,54,Drumbo,Halesworth,KQ4R 9VE,United Kingdom
209103,882,Essex,Spennymoor,OJ3Y 3PT,United Kingdom
209104,114,Dreen,Norwich,EC2Y 1RG,United Kingdom
209105,399,Chinauley,Hucknall,RG3Q 4SD,United Kingdom
209106,777,Carrowcrin,Bexhill on Sea,JT9L 3DJ,United Kingdom
209107,539,Knockgorm,Torquay,MI3B 7GP,United Kingdom
209108,912,Killymoyle,Oban,UW4E 2JA,United Kingdom
209109,141,Killyclowny,Ledbury,HX2X 7DC,United Kingdom
209110,638,Kinmeen,Lydney,JZ4V 0FX,United Kingdom
209111,805,Knockennis,Alcester,NU6H 4IK,United Kingdom
209112,742,Burnbank,Hythe,NZ4W 8PP,United Kingdom
209113,708,Craghan,Crewkerne,PU0O 3SJ,United Kingdom
209114,801,Cymric,Newton Aycliffe,KV2H 9JU,United Kingdom
209115,1179,Avonmore,Lichfield,JH0O 0MW,United Kingdom
209116,408,Colebrook,Burnham on Sea,NL3C 3BI,United Kingdom
209117,1230,Hartfield,Glasgow,YE4H 1FI,United Kingdom
209118,714,Clonmakane,Tregaron,WH2C 8GY,United Kingdom
209119,760,Creevangar,Mansfield,AE3H 7FG,United Kingdom
209120,682,Coolyvenny,Heswall,RC9L 7TI,United Kingdom
209121,760,Iverna,Porth,AG8W 3HO,United Kingdom
209122,546,Ballydermot,Cumbernauld,HD2A 8AX,United Kingdom
209123,846,Liminary,Worthing,IT2J 9DN,United Kingdom
209124,353,Killycanavan,Malmesbury,LM6Y 0CH,United Kingdom
209125,80,Ballyrock,Oswestry,PB0N 8NF,United Kingdom
209126,1123,Lavery,Wetherby,PH4S 6KN,United Kingdom
209127,998,Glassheena,Billericay,LA0J 6GJ,United Kingdom
209128,874,Beechpark,Morecambe,QG2K 9ZP,United Kingdom
209129,685,Buttermilk,Tunbridge Wells,ZE1X 1YQ,United Kingdom
209130,14,Leenan,Leyland,HQ4P 2QS,United Kingdom
209131,36,Garryowen,Exeter,VR1Z 0CT,United Kingdom
209132,661,Back,Talgarth,PH2A 4OZ,United Kingdom
209133,992,Desertmartin,Leeds,XD2X 1GH,United Kingdom
209134,1036,Drumkee,Antrim,QB3U 9LP,United Kingdom
209135,1172,Hartwell,Wallasey,YX1L 7DL,United Kingdom
209136,636,Greenlaw,Reigate,EY3I 3HN,United Kingdom
209137,684,Breandrum,Castlewellan,VH8T 6TQ,United Kingdom
209138,884,Glassmullin,Clogher,XE4U 1VA,United Kingdom
209139,78,Knocknamoe,Fakenham,MX4Q 5JH,United Kingdom
209140,969,Garvey,Gourock,JS7E 6MO,United Kingdom
209141,1001,Ballymena,Burford,WH2R 4PY,United Kingdom
209142,621,Duncoole,Sandhurst,WQ5N 9BI,United Kingdom
209143,701,Beechwood,Goole,FV4F 1CA,United Kingdom
209144,653,Glenhurst,Sunderland,BS4M 0AT,United Kingdom
209145,810,Briarwood,Amesbury,TY0H 5VA,United Kingdom
209146,1238,Ashbourne,Bradford on Avon,FR3J 0GR,United Kingdom
209147,858,Bell,Chatteris,WY5R 6PO,United Kingdom
209148,234,Ballynabragget,Montgomery,ZI1S 5YV,United Kingdom
209149,46,Garvetagh,Selsey,YP1S 4WZ,United Kingdom
209150,965,Keelstown,Harlow,PT7O 1KT,United Kingdom
209151,1244,Grangefoyle,Bridport,BX5X 5VH,United Kingdom
209152,132,Crossdened,Egham,ZU1T 1SN,United Kingdom
209153,513,Dougans,Kingussie,GB7H 1GI,United Kingdom
209154,981,Belmount,Leven,NT7M 5RL,United Kingdom
209155,928,Ballykeery,Winchester,NM9P 4OH,United Kingdom
209156,543,Kilgort,March,RN0Q 9BJ,United Kingdom
209157,1298,Donard,Whitehaven,GL7Y 7CZ,United Kingdom
209158,540,Kilmegan,Braintree,VH4G 3ZK,United Kingdom
209159,1219,Greenogue,Grimsby,PL1C 4HF,United Kingdom
209160,1042,Killybearn,Inverurie,AL1H 2AC,United Kingdom
209161,549,Kirkside,Ruthin,PT9W 5NO,United Kingdom
209162,896,Glenconway,Talgarth,QN1R 7XU,United Kingdom
209163,1004,Drumboniff,Nailsea,TC0O 5ZD,United Kingdom
209164,708,Gortahurk,Runcorn,SK3K 9FE,United Kingdom
209165,224,Lenaderg,Irvine,BD7C 1DA,United Kingdom
209166,1282,Duneane,Louth,OR4X 2IE,United Kingdom
209167,1177,Ballynafoy,Romsey,NT5R 2NL,United Kingdom
209168,492,Cochranes,Dornoch,ZI6Z 0JJ,United Kingdom
209169,972,Ballynamullan,Fraserburgh,FW2G 5JP,United Kingdom
209170,622,Cloughley,Heanor,AO0I 6IV,United Kingdom
209171,1349,Glenowen,South Molton,SP4Z 0BN,United Kingdom
209172,1146,Drumbuck,Newcastle upon Tyne,NV9Z 5PH,United Kingdom
209173,87,Gorgesh,Winsford,EN8V 6ZB,United Kingdom
209174,678,Goban,Penicuik,UI3I 8AK,United Kingdom
209175,960,Crawfords,Failsworth,NO5V 7UK,United Kingdom
209176,1028,Ballyknockan,Verwood,NZ1O 2SE,United Kingdom
209177,134,Glencaw,Dereham,EB5Z 1VS,United Kingdom
209178,146,Boyne,Okehampton,OP5N 8AH,United Kingdom
209179,742,Garrison,Mablethorpe,MG2X 7ME,United Kingdom
209180,411,Chichester,Sandown,UH0M 3VN,United Kingdom
209181,711,Curran,Ossett,CD9W 2VB,United Kingdom
209182,179,Crossglebe,Staveley,FG7U 5TN,United Kingdom
209183,993,Ballylig,Prestatyn,TP0O 1YP,United Kingdom
209184,841,Derrygally,Huntly,MU3N 0EB,United Kingdom
209185,685,Dartan,Oldbury,IE1V 9JH,United Kingdom
209186,32,Cornanoe,Widnes,SZ9J 4KV,United Kingdom
209187,430,Knockland,Bridlington,DL9N 3LV,United Kingdom
209188,1223,Donaldsons,Farnborough,KV5X 6MX,United Kingdom
209189,1281,Dunover,Oxford,MC6C 3HL,United Kingdom
209190,840,Ballynacross,Aylsham,RH4K 9YF,United Kingdom
209191,1051,Essan,Tregaron,HI5O 6ON,United Kingdom
209192,584,Leaburn,Ryde,JR1H 0GW,United Kingdom
209193,698,Glantane,Sheringham,JV6X 0RO,United Kingdom
209194,87,Clonallan,Bacup,OQ4L 9RM,United Kingdom
209195,737,Drumgaw,Inverness,KH1I 8UG,United Kingdom
209196,111,Egeria,Swansea,MS6S 5BU,United Kingdom
209197,900,Glenbryn,Kilkeel,ZR9H 4CW,United Kingdom
209198,390,Chichester,Cowbridge,SK0J 8SL,United Kingdom
209199,346,Lisnaree,Castlewellan,HC7Z 0BF,United Kingdom
209200,1171,Ballymalus,Worcester,VZ0B 2DC,United Kingdom
209201,1249,Lincoln,Camborne,HV7A 1LC,United Kingdom
209202,468,Druminally,Cowbridge,FN6W 6AQ,United Kingdom
209203,62,Hamlet,Penicuik,SI2W 2NR,United Kingdom
209204,698,Gargadis,Henley on Thames,ZE5V 6LK,United Kingdom
209205,483,Bradan,St Albans,OD6V 6TL,United Kingdom
209206,830,Lenaghan,Wokingham,TM1S 3OJ,United Kingdom
209207,603,Ballintarson,Hythe,TK6F 1CV,United Kingdom
209208,319,Dunevly,Hythe,MO0Y 7KV,United Kingdom
209209,421,Drumboniff,Brackley,KI1V 5IE,United Kingdom
209210,953,Braehead,Wareham,MY5P 5PT,United Kingdom
209211,882,Carranbane,Neath,GO8I 5WH,United Kingdom
209212,319,Cuba,Chatteris,KR2C 8CR,United Kingdom
209213,1194,Deans,Cambridge,QI8T 1CZ,United Kingdom
209214,1036,Briar,Ruthin,MH7F 8BI,United Kingdom
209215,352,Kanestown,Helston,TX2E 5IW,United Kingdom
209216,14,Hollyoaks,Armagh,SA0L 2OO,United Kingdom
209217,1376,Cloane,Kempston,MB9M 0WL,United Kingdom
209218,531,Coolsara,Tetbury,GS3E 3PO,United Kingdom
209219,1248,Aughnagon,Leeds,NX3U 8YI,United Kingdom
209220,167,British,Edinburgh,BP0Z 2UQ,United Kingdom
209221,555,Lille,Shildon,KH4O 2NH,United Kingdom
209222,356,Ballygorian,Sale,ML0J 4JL,United Kingdom
209223,1049,Ballyrogan,Plymouth,PC8D 1RK,United Kingdom
209224,292,Beechline,Magherafelt,YT0C 6RP,United Kingdom
209225,29,Glenties,Amlwch,KD2A 9MC,United Kingdom
209226,770,Colebrook,York,KX6Z 4QA,United Kingdom
209227,1128,Kerries,Westbury,GQ8Q 3WV,United Kingdom
209228,660,Chippendale,Paisley,LQ8O 0ST,United Kingdom
209229,121,Ballygomartin,Bournemouth,BJ1W 4KN,United Kingdom
209230,39,Clon,Aldridge,JS8R 3LF,United Kingdom
209231,837,Lisnamonaghan,Great Yarmouth,IQ9G 9ZJ,United Kingdom
209232,976,Bendooragh,Montgomery,VE9X 9IA,United Kingdom
209233,887,Liscannor,Highworth,ZV1Q 7IX,United Kingdom
209234,263,Derganagh,Horsham,QD9U 1JY,United Kingdom
209235,33,Clonevin,Clydebank,BR9J 2QS,United Kingdom
209236,1014,Keenogue,Leatherhead,TR1D 4UN,United Kingdom
209237,1084,Canmore,Stirling,XV1N 0UC,United Kingdom
209238,284,Everton,Chelmsford,JB6E 3BG,United Kingdom
209239,948,Kilmacormick,Ashbourne,TP2J 5NS,United Kingdom
209240,770,Enniskeen,Crawley,UQ4D 6QV,United Kingdom
209241,357,Derrynacross,Hexham,PU2O 7WV,United Kingdom
209242,1066,Artoges,Abingdon,MF3M 3CW,United Kingdom
209243,1371,Calhame,Tonbridge,YH1L 8GW,United Kingdom
209244,982,Lisnasharragh,Chester le Street,XH9S 6QU,United Kingdom
209245,1303,Braniel,Kempston,CO3V 3YE,United Kingdom
209246,1121,Derrygonnelly,Houghton le Spring,WM7N 9TK,United Kingdom
209247,530,Corrib,Loughborough,NV7D 7FJ,United Kingdom
209248,1059,Glenagoorland,Norwich,RT2K 9TI,United Kingdom
209249,625,Gallan,Hayle,PA8Z 0SY,United Kingdom
209250,490,Kilnasaggart,Yateley,PA7X 2TG,United Kingdom
209251,551,Carrigs,Caldicot,WR8R 3JK,United Kingdom
209252,91,Griffith,Cookstown,NL5J 7UD,United Kingdom
209253,650,Linseys,Ossett,WL1I 0LZ,United Kingdom
209254,654,Hollyhill,Filey,UO4N 1XL,United Kingdom
209255,171,Drumane,Deal,PK6X 4GK,United Kingdom
209256,1285,Killyvolgan,Carrickfergus,VC9B 7YE,United Kingdom
209257,217,Carnearny,Somerton,WR6A 2ZU,United Kingdom
209258,175,Glendesha,Langholm,PN7F 7EP,United Kingdom
209259,173,Clanmorris,Carnforth,HN7M 3BY,United Kingdom
209260,1106,Clontonacally,Barnard Castle,NA7R 8EH,United Kingdom
209261,843,Ballysaggart,Lurgan,CX9C 7XP,United Kingdom
209262,64,Ballygunaghan,Ashington,BV3H 4ES,United Kingdom
209263,902,Lindesayville,East Grinstead,YM0E 2AO,United Kingdom
209264,682,Fearon,Bradninch,YA2Z 7OB,United Kingdom
209265,1324,Demiville,Coleshill,EB8B 2AH,United Kingdom
209266,550,Bailie,Whitby,UX8Z 1PM,United Kingdom
209267,851,Cloghagaddy,Irvine,RE8Q 7VY,United Kingdom
209268,197,Bodell,Bala,FH9J 0OU,United Kingdom
209269,1345,Faugher,Sheerness,TP5N 8VP,United Kingdom
209270,160,Knockhill,Swansea,PT1T 1JE,United Kingdom
209271,1231,Cromlech,Godmanchester,NA6C 7QC,United Kingdom
209272,164,Corgary,Tipton,NS7T 7TL,United Kingdom
209273,972,Longland,Blackpool,DB7M 8WM,United Kingdom
209274,629,Carrigan,East Kilbride,BP8R 9MH,United Kingdom
209275,843,Fenaghy,Warrington,WY7M 2QG,United Kingdom
209276,1235,Balkan,Leominster,WI4N 5LH,United Kingdom
209277,979,Blair,Runcorn,OP2X 4IO,United Kingdom
209278,921,Glencoe,Ashington,JB9L 5TM,United Kingdom
209279,255,Lecale,Knaresborough,DC1E 3FG,United Kingdom
209280,246,Ballynameen,Torpoint,TM7D 1YR,United Kingdom
209281,641,Grillagh,Ammanford,UO8N 1LD,United Kingdom
209282,314,Ballyhanwood,Swadlincote,KA1G 4SV,United Kingdom
209283,455,Killyliss,Kinghorn,FB3L 7BZ,United Kingdom
209284,766,Craignamona,Lynton,LE6Y 7QF,United Kingdom
209285,154,Ballyvally,Lydney,OY8V 2SA,United Kingdom
209286,565,Derryhollagh,Sutton Coldfield,LX7A 7XV,United Kingdom
209287,590,Jockeys,Hornsea,QP3T 1LE,United Kingdom
209288,1356,Kildress,Stranraer,TM1Z 5SZ,United Kingdom
209289,1036,Elmtree,Wakefield,RQ2S 5RK,United Kingdom
209290,1156,Connaugh,Towcester,LR2F 5AN,United Kingdom
209291,256,Glenleary,Bedlington,VR0E 8TG,United Kingdom
209292,1352,Derramore,Maldon,OC5O 1OF,United Kingdom
209293,84,Dolmen,Prestwick,OZ2M 8YO,United Kingdom
209294,1302,Creeghduff,Crewkerne,CY7C 9EH,United Kingdom
209295,768,Lansdowne,Limavady,HU1R 5JL,United Kingdom
209296,801,Elaghmore,Sleaford,CV2X 7XB,United Kingdom
209297,460,Gillistown,Burnham on Sea,MZ6S 8ZP,United Kingdom
209298,1251,Carrs,Bideford,XU2H 1CH,United Kingdom
209299,690,Clea,Llanelli,XA1M 4DQ,United Kingdom
209300,643,Ballyvennaght,Bellshill,GP0T 1GT,United Kingdom
209301,492,Finvoy,Seaford,PT9N 7SO,United Kingdom
209302,703,Lisnalinchey,Alsager,NG6X 4EF,United Kingdom
209303,1366,Hazelbank,Scarborough,VS8K 0HV,United Kingdom
209304,1091,Brewery,Castleford,EQ8O 0WM,United Kingdom
209305,1125,Esker,Horsham,EQ7J 8WV,United Kingdom
209306,1065,Ballyloughlin,Tiverton,TJ2N 1HT,United Kingdom
209307,1183,Killynaght,Sittingbourne,KL3S 5NJ,United Kingdom
209308,672,Killycolpy,Faringdon,GX8U 5QB,United Kingdom
209309,246,Chesney,Highworth,HH8I 7GM,United Kingdom
209310,1107,Knockadoo,Market Weighton,JP6Q 3WA,United Kingdom
209311,1272,Lampton,Folkestone,KP7P 9QG,United Kingdom
209312,1222,Drumbreda,Farnworth,RT6L 8AO,United Kingdom
209313,1093,Currans,Wigtown,LH2E 2MA,United Kingdom
209314,629,Ednagee,Ely,BY1M 0EY,United Kingdom
209315,876,Culmore,Dufftown,KL3M 0VM,United Kingdom
209316,1320,Goland,Ripley,DK5B 3QV,United Kingdom
209317,1080,Ballure,Margate,HI4H 3TE,United Kingdom
209318,206,Bridal,Portrush,ZW8T 9UI,United Kingdom
209319,964,Ivanhoe,Margate,HK5D 9PZ,United Kingdom
209320,10,Cornafannoge,Comber,YJ0F 4MS,United Kingdom
209321,887,Blackhead,Porthcawl,XB2W 3PK,United Kingdom
209322,1362,Dunlea,Wadhurst,EJ1D 7ZR,United Kingdom
209323,435,Cloghagaddy,Eastleigh,FR9R 2GM,United Kingdom
209324,710,Drumgarrow,Barton upon Humber,HJ9G 9VR,United Kingdom
209325,1334,Knockburn,Hereford,TM0V 3FX,United Kingdom
209326,544,Dungannon,Carmarthen,TK2F 7DZ,United Kingdom
209327,814,Clochain,Brigg,QC0C 4MP,United Kingdom
209328,331,Bryantang,Seaton,DO5T 7ZT,United Kingdom
209329,287,Dellmount,Didcot,EE6Y 9QC,United Kingdom
209330,726,Gortmellan,Buckley,KS1Q 0QY,United Kingdom
209331,36,Fowler,Leeds,DY4S 0PP,United Kingdom
209332,153,Jennymount,Rhuddlan,CG4R 7CV,United Kingdom
209333,274,Catherine,Seaton,MD5M 0OV,United Kingdom
209334,429,Coolshinney,Boston,FF3Q 4MP,United Kingdom
209335,1082,Heatherton,Castlederg,QW2H 6DM,United Kingdom
209336,866,Broadacres,Basildon,AU6T 2JT,United Kingdom
209337,524,Kilcoan,Calne,ZP9I 4YK,United Kingdom
209338,94,Crownhall,Ellesmere Port,VN6A 8ZJ,United Kingdom
209339,850,Kansas,Strood,OA6F 7NA,United Kingdom
209340,11,Kelly,Alston,NQ4B 8EM,United Kingdom
209341,1237,Drumalane,Ringwood,IH5Q 3MV,United Kingdom
209342,1001,Bloomdale,Wigan,CS7L 5QV,United Kingdom
209343,141,Drumshinny,Machynlleth,FN9H 8ZR,United Kingdom
209344,806,Lislaynan,Coventry,XT7D 8IY,United Kingdom
209345,1303,Fenaghy,Herne Bay,YE4P 7NE,United Kingdom
209346,657,Dalys,Larne,UE1D 9VA,United Kingdom
209347,693,Lisnarea,Hertford,UW7E 8LO,United Kingdom
209348,1090,Islandbraddagh,Telford,NK2K 3NN,United Kingdom
209349,533,Killeague,Todmorden,BB3E 4HP,United Kingdom
209350,288,Killymerron,Abergele,ZK1X 1XH,United Kingdom
209351,1031,Lack,Gillingham,LK8E 0JD,United Kingdom
209352,945,Carrington,Rothesay,CD0P 6WF,United Kingdom
209353,1129,Cairngorm,Pitlochry,IO9I 1XS,United Kingdom
209354,1048,Cullion,Penrith,GX7F 9WP,United Kingdom
209355,720,Collinview,Strabane,TS9G 8LZ,United Kingdom
209356,579,Brogies,Aberdeen,YA2B 1NK,United Kingdom
209357,532,Glin,Verwood,XY3U 0IG,United Kingdom
209358,440,Dennet,Carlisle,UM1X 6MR,United Kingdom
209359,520,Layde,Crumlin,KM1R 8FM,United Kingdom
209360,89,Erris,Swanage,CA1T 4QC,United Kingdom
209361,1383,Barr,Christchurch,QJ1B 7AG,United Kingdom
209362,1076,Killard,Pershore,AS7E 4MK,United Kingdom
209363,975,Bruce,Louth,SQ3E 5AR,United Kingdom
209364,387,Longtower,Pembroke,VS3H 3VV,United Kingdom
209365,1291,Corcreevy,Swansea,JW2W 4NQ,United Kingdom
209366,1200,Derryash,Weston super Mare,BK3X 0MC,United Kingdom
209367,156,Holly,Porthmadog,NY1Z 0XG,United Kingdom
209368,1273,Banagher,Failsworth,AF1J 8NZ,United Kingdom
209369,1292,Drumulcaw,Wetherby,CH2A 8CW,United Kingdom
209370,187,Dovecote,Kettering,KW1B 1RY,United Kingdom
209371,493,Bagot,Dukinfield,QK6C 4XE,United Kingdom
209372,981,Drumadarragh,Nottingham,UH3K 7LT,United Kingdom
209373,838,Blackwatertown,Brentwood,PE4E 8BC,United Kingdom
209374,197,Coolfin,Leek,ID5C 5GD,United Kingdom
209375,1308,Burfits,Armagh,EN2G 3VH,United Kingdom
209376,683,Creggmount,Midhurst,SQ6O 0KD,United Kingdom
209377,1160,Dunboyne,Saltcoats,MU0V 1KK,United Kingdom
209378,1025,Islandmagee,Canterbury,CQ2P 7YD,United Kingdom
209379,587,Drumbuck,Filey,VR6K 4DN,United Kingdom
209380,925,Dunadry,Herne Bay,ER5B 1MK,United Kingdom
209381,794,Ballycarry,Eyemouth,YD9H 3PK,United Kingdom
209382,1078,Ballynabragget,Westerham,GP4A 3DC,United Kingdom
209383,229,Cranbourne,Portrush,KU2L 2VX,United Kingdom
209384,555,Erinvale,Wickford,RE8O 1DQ,United Kingdom
209385,757,Elliott,Carrickfergus,JS4I 1CF,United Kingdom
209386,53,Legaterriff,Dartford,GL0H 9JY,United Kingdom
209387,390,Brone,Bradninch,SL4A 1FU,United Kingdom
209388,807,Creggmore,Bourne,OR4U 1OQ,United Kingdom
209389,1078,Knocknagore,Warrenpoint,LU0C 0AB,United Kingdom
209390,105,Ednego,Tewkesbury,CA1V 5AC,United Kingdom
209391,511,Crewmore,Manningtree,IM6Z 8ZX,United Kingdom
209392,975,Kilgavanagh,Southwell,EM7L 6WR,United Kingdom
209393,1249,Breckenhill,Hungerford,RS8U 9CN,United Kingdom
209394,12,Duneane,Ballymoney,TC9U 1IR,United Kingdom
209395,651,Garmoyle,Aberaeron,BF6W 9UP,United Kingdom
209396,916,Drumsnade,Rhayader,MC0T 4HB,United Kingdom
209397,1069,Carranboy,Tilbury,MB7V 0YW,United Kingdom
209398,1395,Ballyheather,Portadown,HA7A 8RN,United Kingdom
209399,671,Killynure,Rothbury,LE3H 3TP,United Kingdom
209400,684,Deramore,Mansfield,RG6K 1JF,United Kingdom
209401,150,Islandreagh,Henley on Thames,SI5L 7HE,United Kingdom
209402,389,Canmore,Yateley,SN5J 8VY,United Kingdom
209403,409,Effernan,Soham,FT0H 2YN,United Kingdom
209404,336,Cheviot,Beeston,FJ0X 4XY,United Kingdom
209405,776,Broadlands,Ely,NZ7Z 9EV,United Kingdom
209406,242,Crockahilly,Clydebank,GE2O 9SI,United Kingdom
209407,1007,Brigh,Nailsea,QK0F 1RY,United Kingdom
209408,626,Ballynanny,Eyemouth,FC7L 8CR,United Kingdom
209409,16,Ballylennan,Southwell,XA4D 6ZH,United Kingdom
209410,671,Kelvin,Denton,BU5H 2EH,United Kingdom
209411,341,Laharna,Colchester,IM9O 3ZA,United Kingdom
209412,1163,Hamill,Saintfield,SR9Q 9AC,United Kingdom
209413,26,Creevagh,Dartford,JU8R 7EC,United Kingdom
209414,975,Gort,Clitheroe,TC5R 9FW,United Kingdom
209415,799,Bryson,Batley,IM1O 6FB,United Kingdom
209416,598,Effernan,Bristol,HL8V 6JC,United Kingdom
209417,401,Drumacony,Lerwick,OF6Z 8XE,United Kingdom
209418,509,Lendrick,Alsager,NE0P 0UO,United Kingdom
209419,854,Ballynamullan,Kettering,CV9D 3JS,United Kingdom
209420,1349,Clarence,Burnham on Crouch,SO5T 1LD,United Kingdom
209421,408,Blackhall,Chichester,UM5X 8KO,United Kingdom
209422,739,Knockballymore,Cardiff,OB5X 7LD,United Kingdom
209423,673,Drumadd,Shepton Mallet,BJ6M 9TO,United Kingdom
209424,589,Ballysculty,Widnes,IN5M 7EB,United Kingdom
209425,559,Duff,Folkestone,VM9A 6GD,United Kingdom
209426,1399,Creagh,Oldham,XK7S 0FA,United Kingdom
209427,1089,Baranailt,Dover,EI9U 5CO,United Kingdom
209428,341,Drumnamether,Llandudno,HS5W 8XN,United Kingdom
209429,76,Golf,Stowmarket,JL1L 0FX,United Kingdom
209430,375,Kilraughts,Caldicot,WX6G 2BN,United Kingdom
209431,585,Gordons,Borehamwood,AB6O 5QY,United Kingdom
209432,821,Carnalroe,Halstead,KJ3V 9PF,United Kingdom
209433,111,Cedarhill,Monifieth,XG2Y 0HL,United Kingdom
209434,1173,Cleland,Guildford,SC1Z 6DX,United Kingdom
209435,166,Beaumont,Runcorn,KA3L 4FQ,United Kingdom
209436,1208,Gibsons,Woodstock,GJ7E 2QX,United Kingdom
209437,69,Knockanroe,Tring,FM4E 6XF,United Kingdom
209438,879,Kingsmere,Nailsworth,SC0Y 1NS,United Kingdom
209439,146,Dunnaval,Brightlingsea,PN2F 3GH,United Kingdom
209440,305,Glenullin,Fintona,WH5I 5CA,United Kingdom
209441,691,Coole,Kirkcudbright,RW1D 4VN,United Kingdom
209442,873,Clonmakane,Blackheath,MM7J 0SY,United Kingdom
209443,67,Kenard,Wisbech,GM6I 1MY,United Kingdom
209444,842,Breagho,Oldham,DM6X 8LP,United Kingdom
209445,714,Derryvore,Fleet,TQ8Y 9JF,United Kingdom
209446,166,Carnbane,Grays,HI2Z 6NV,United Kingdom
209447,191,Curraghmore,Chester le Street,PO3V 1GY,United Kingdom
209448,71,Croaghan,Matlock,PT5R 9OP,United Kingdom
209449,253,Lesh,Blackpool,ZW2P 1GH,United Kingdom
209450,998,Derryork,Exeter,OS5X 8XK,United Kingdom
209451,980,Ingleby,Leighton Buzzard,DT7L 3EE,United Kingdom
209452,1056,Clementine,Epsom,VA9H 1AV,United Kingdom
209453,986,Enagh,Knutsford,WW9Z 4YQ,United Kingdom
209454,416,Bridle,Bury,GU7F 3JO,United Kingdom
209455,696,Kilmory,Carmarthen,UP5T 2TQ,United Kingdom
209456,745,Cootehall,Olney,OK3L 6YZ,United Kingdom
209457,1028,Dub,Aberdeen,QV5Y 4HP,United Kingdom
209458,754,Castlecoole,Dorchester,WE7Y 0JS,United Kingdom
209459,539,Craigaveen,Cookstown,JW9S 8LY,United Kingdom
209460,646,Jordan,Ladybank,LJ8Y 2VY,United Kingdom
209461,720,Cesnor,Johnstone,JM9N 9RE,United Kingdom
209462,911,Lackaboy,Southwell,JL8R 3FU,United Kingdom
209463,862,Groganstown,Melrose,HN0A 9ZW,United Kingdom
209464,1303,Knockanully,Chipping Sodbury,LR0X 2AU,United Kingdom
209465,564,Drumcullan,Kingston upon Hull,AK4Y 8FZ,United Kingdom
209466,234,Corvanaghan,Johnstone,KB3O 5KI,United Kingdom
209467,1338,Ballyduff,Brighton,DF2R 2LL,United Kingdom
209468,1220,Griffith,Amlwch,TI4O 1UV,United Kingdom
209469,891,Drumlyon,Windermere,FN8H 4HE,United Kingdom
209470,375,Florencecourt,Nottingham,LH1N 3YR,United Kingdom
209471,1037,Joy,Petersfield,AA0J 1UC,United Kingdom
209472,537,Connell,Falkirk,NV3L 5NT,United Kingdom
209473,784,Cypress,Trowbridge,BO1A 5AL,United Kingdom
209474,67,Lisnanane,Barnard Castle,PN7T 5NO,United Kingdom
209475,153,Jameson,Norwich,XW7J 2VX,United Kingdom
209476,749,Beechill,Gateshead,UD5Z 5GW,United Kingdom
209477,656,Highgrove,Bridport,NE7P 6LF,United Kingdom
209478,1276,Downhill,Redditch,LS3R 7OX,United Kingdom
209479,796,Derrycourtney,Crowthorne,PW2U 6DQ,United Kingdom
209480,1024,Dorrandale,Sandown,BR1X 1NA,United Kingdom
209481,1149,Ganaway,Brighton,NQ0M 3WS,United Kingdom
209482,542,Culcavy,Tring,OV0X 5EC,United Kingdom
209483,1289,Drummuckavall,Reading,DV7X 8PN,United Kingdom
209484,671,Culvacullion,Havant,FH0J 4NU,United Kingdom
209485,431,Inishroosk,Dronfield,JY6J 9VM,United Kingdom
209486,971,Cameron,Flitwick,YZ2B 7ZE,United Kingdom
209487,1395,Drumahoe,Dawlish,ZG7S 1DN,United Kingdom
209488,993,Jamestown,Kirkham,MW2J 0GK,United Kingdom
209489,666,Bray,Rugeley,JF5L 7NE,United Kingdom
209490,487,Grantham,Newport on Tay,FN9S 1XT,United Kingdom
209491,271,Inishbeg,Totton,LN7D 4EZ,United Kingdom
209492,1058,Barrons,Framlingham,BR0U 0GT,United Kingdom
209493,832,Gortamaddy,Letchworth,NG4H 6SL,United Kingdom
209494,50,Benvisteen,Swanley,LQ7C 0IE,United Kingdom
209495,853,Blacktown,Lymington,US7H 5OA,United Kingdom
209496,778,Ballynabarnish,Bacup,QI4E 9RG,United Kingdom
209497,660,Crossnenagh,Eastleigh,KN2S 4KQ,United Kingdom
209498,853,Hebron,Kilmarnock,MU7R 3JG,United Kingdom
209499,711,Drumgay,Armagh,GC4C 0BF,United Kingdom
209500,158,Clearwater,Prestwick,CQ8H 7AO,United Kingdom
209501,290,Drumbuck,Omagh,GZ7F 5JT,United Kingdom
209502,918,Hillside,Crawley,UC2A 3WM,United Kingdom
209503,1385,Gardenmore,Cirencester,UD4G 2GN,United Kingdom
209504,47,Beechleigh,Ampthill,GW4S 4EF,United Kingdom
209505,453,Ballylumford,Hastings,NK5Y 5NW,United Kingdom
209506,405,Brerton,Chepstow,XU2W 2OY,United Kingdom
209507,680,Elswick,Derby,EE2O 4AD,United Kingdom
209508,121,Creevangar,Bishop Auckland,CJ4W 5PW,United Kingdom
209509,1131,Henrys,Margate,GO2G 2ZW,United Kingdom
209510,113,Killygullib,Brecon,WE4K 1OW,United Kingdom
209511,1187,Kilmahamogue,Gosport,FC8A 0UX,United Kingdom
209512,1367,Clintons,Appleby in Westmorland,BB6K 4PQ,United Kingdom
209513,402,Kevin,St Davids,HZ0I 5CA,United Kingdom
209514,1071,Gortreagh,Warwick,LK0T 4MO,United Kingdom
209515,874,Ballynulto,Rushden,NK6J 1ZS,United Kingdom
209516,25,Dunblane,Rothesay,AR6M 8FC,United Kingdom
209517,1331,Castleroe,Montrose,NQ7U 6KI,United Kingdom
209518,462,Bonnanaboigh,Warwick,XG6Q 3OP,United Kingdom
209519,148,Finvey,Yate,NR2K 9LQ,United Kingdom
209520,343,Irragh,Needham Market,CX3R 4EV,United Kingdom
209521,937,Karrington,Bournemouth,TX3X 0MP,United Kingdom
209522,412,Livery,Maryport,WE1Q 2PI,United Kingdom
209523,1033,Glenhone,Swanley,HS6T 4KY,United Kingdom
209524,663,Kinbayne,Saxmundham,UE9V 2NK,United Kingdom
209525,555,Hollybrook,Northwich,XN6T 3TE,United Kingdom
209526,246,Cuillin,Margate,IQ0B 4XW,United Kingdom
209527,504,Ballyvernstown,Bath,PX6T 1ZP,United Kingdom
209528,31,Legatiggle,Gorseinon,MG4Y 1AJ,United Kingdom
209529,99,Derryhollagh,Wincanton,TY7V 7SE,United Kingdom
209530,1017,Ballylurgan,Kinghorn,KF9B 9KD,United Kingdom
209531,648,Greenburn,Strabane,VV1E 3WU,United Kingdom
209532,1396,Killary,Criccieth,SF9J 1QA,United Kingdom
209533,944,Dunnanew,Darwen,EJ7B 7XP,United Kingdom
209534,189,Hindsdale,Cowdenbeath,FQ7V 6NN,United Kingdom
209535,582,Ballyvester,Cockermouth,JL1J 8EW,United Kingdom
209536,791,Glenhead,Southwold,ZY7W 0BG,United Kingdom
209537,491,Clones,Frome,FG2J 2NK,United Kingdom
209538,524,Ballynaskeagh,Needham Market,TJ2C 3LE,United Kingdom
209539,937,Derrylin,Airdrie,EK8T 4CQ,United Kingdom
209540,419,Coppice,Billericay,VV7A 9IG,United Kingdom
209541,668,Benowen,Inverurie,PB8J 6CV,United Kingdom
209542,1376,Blythe,Clitheroe,IO4H 0FG,United Kingdom
209543,839,Large,Salford,AU0E 9VH,United Kingdom
209544,84,Duburren,Haddington,CM8Z 6LP,United Kingdom
209545,1391,Berryhill,Castlewellan,GJ4E 8CG,United Kingdom
209546,946,Islandbraddagh,Portsmouth,VB4J 1RT,United Kingdom
209547,1242,Blackwood,Pittenweem,CC3N 8MX,United Kingdom
209548,149,Lorne,Sandown,UW8A 2BO,United Kingdom
209549,233,Killyvolgan,Esher,HY3Z 4CR,United Kingdom
209550,1343,Hindsdale,Westminster,CX0X 9BB,United Kingdom
209551,1371,Edenreagh,Dawlish,KV7I 0ZR,United Kingdom
209552,294,Earlscourt,Newry,VW0P 7WN,United Kingdom
209553,492,Cromac,Chichester,FS9G 8TZ,United Kingdom
209554,1271,Carn,Hereford,AC5Z 2GX,United Kingdom
209555,740,Carnbeg,Kilkeel,FW4R 8KX,United Kingdom
209556,98,Darachrean,Fort William,XS7K 0ZT,United Kingdom
209557,208,Donagh,Broadstairs,JK7C 8LR,United Kingdom
209558,1247,Clarmont,Wallasey,FG4L 9ZE,United Kingdom
209559,1221,Kempe,Donaghadee,OU1P 6FC,United Kingdom
209560,1138,Cullenramer,Canterbury,BS0N 0BI,United Kingdom
209561,735,Killaughey,Westminster,MK3I 3NT,United Kingdom
209562,685,Camelia,Lisnaskea,PU8L 6GE,United Kingdom
209563,499,Corkley,Higham Ferrers,UA9U 9BS,United Kingdom
209564,1160,Haugheys,Lisburn,KY6T 1FR,United Kingdom
209565,1081,Carrowcrin,Nailsworth,PM4H 0MC,United Kingdom
209566,378,Killowen,Wisbech,KI7U 7FO,United Kingdom
209567,733,Carrickinab,Bridlington,EX8D 1QD,United Kingdom
209568,220,Lesh,Corbridge,NZ1F 5QQ,United Kingdom
209569,6,Friary,Inverness,WU5F 0OI,United Kingdom
209570,993,Drumgesh,Loughborough,YP9Y 1UK,United Kingdom
209571,426,Hunter,Aylsham,SV3X 1ZN,United Kingdom
209572,670,Legilly,Hoylake,SG5S 2LN,United Kingdom
209573,65,Dairyvale,Penarth,QM4A 3BQ,United Kingdom
209574,980,Derryclone,Hoylake,QO6Y 3AT,United Kingdom
209575,615,Cussick,Halifax,UV4L 9ZS,United Kingdom
209576,271,Hurtletoot,Ripon,BK5F 0DV,United Kingdom
209577,956,Attical,Newcastle upon Tyne,UH8P 4SG,United Kingdom
209578,1310,Blackwatertown,Bradford,ZG5L 6MO,United Kingdom
209579,694,Concession,Keighley,UT5V 7XG,United Kingdom
209580,1093,Donaghaguy,Wymondham,DA0S 2QU,United Kingdom
209581,99,Holmes,Swansea,II3Z 9PH,United Kingdom
209582,502,Kinedar,Reading,ZV0H 8IT,United Kingdom
209583,421,Hazelfield,Strood,DQ8S 2NF,United Kingdom
209584,199,Coolyvenny,Charlbury,DO4T 4CP,United Kingdom
209585,977,Johnstone,Milford Haven,ZH4O 6RH,United Kingdom
209586,1066,Ferndell,Oxford,YQ6R 3TF,United Kingdom
209587,140,Cloyfin,Rye,HV6V 8ZX,United Kingdom
209588,932,Donagh,Buckingham,OY5J 4VJ,United Kingdom
209589,911,Camowen,Southborough,BQ7Z 9DU,United Kingdom
209590,217,Ingrams,Wetherby,FS8D 2XN,United Kingdom
209591,359,Carrick,Fareham,GH3Q 8ZM,United Kingdom
209592,451,Drumconnis,Wells next the Sea,NX8G 2TG,United Kingdom
209593,1328,Kilmacormick,Penmaenmawr,RM1V 7YT,United Kingdom
209594,885,Braniel,Gorseinon,MZ1W 0NQ,United Kingdom
209595,722,Conthem,Pontefract,QR2M 6YM,United Kingdom
209596,216,Harrow,Selkirk,JD5T 3XQ,United Kingdom
209597,903,Ballymurphy,Ballater,DV1F 3GU,United Kingdom
209598,474,Elmwood,Dungannon,QA6R 1ZN,United Kingdom
209599,624,Benmore,Montgomery,BD9E 3FN,United Kingdom
209600,891,Cooks,Oundle,IY8O 1GX,United Kingdom
209601,4,Gorteen,Burnham on Crouch,XJ3L 0DK,United Kingdom
209602,1394,Inisclan,Northampton,XM4N 8TO,United Kingdom
209603,1103,Crossgreen,Chippenham,UJ3T 4DS,United Kingdom
209604,1257,Havana,Clevedon,CY1J 9DW,United Kingdom
209605,586,Ballycranmore,Torquay,NJ6A 8XO,United Kingdom
209606,116,Coolmaghry,Uckfield,HI8Q 6NB,United Kingdom
209607,926,Knocksandel,Hartlepool,SR5P 7WW,United Kingdom
209608,997,Heatherdale,Thirsk,NV8V 6LE,United Kingdom
209609,250,Drumcon,Prudhoe,NU0I 5DU,United Kingdom
209610,83,Iskymeadow,Malton,EI0H 1CN,United Kingdom
209611,21,Clonursan,Wrexham,YB7J 3BI,United Kingdom
209612,523,Kildrum,Annan,VK8A 0PX,United Kingdom
209613,34,Greenore,Wootton Bassett,NZ3F 8TY,United Kingdom
209614,224,Ballymiscaw,Wincanton,TG7H 2LW,United Kingdom
209615,1252,Ballypollard,Chipping Sodbury,DE8H 3TS,United Kingdom
209616,520,Jasmine,Bradley Stoke,BC7S 3BW,United Kingdom
209617,209,Inishargie,Kilkeel,JQ9N 3WD,United Kingdom
209618,447,Colebrooke,Brecon,IW2I 8JR,United Kingdom
209619,301,Laurelgrove,North Berwick,BJ7E 6SV,United Kingdom
209620,150,Ednego,Llantrisant,SA4P 9JS,United Kingdom
209621,329,Brompton,Ramsgate,MF4W 1GF,United Kingdom
209622,1056,Carrickmannin,Enniskillen,YL7A 6SB,United Kingdom
209623,564,Hindsdale,Hawarden,TU0N 0OT,United Kingdom
209624,782,Ballyartan,Llandudno,MP3A 6YQ,United Kingdom
209625,1006,Eccles,Farnworth,FH4C 9GC,United Kingdom
209626,739,Finaghy,Ryde,UU2L 5GV,United Kingdom
209627,630,Dill,Ellesmere Port,UO1Z 4TM,United Kingdom
209628,1196,Breach,Settle,RN8W 6GZ,United Kingdom
209629,1333,Kiltariff,Stafford,HH5J 2ZA,United Kingdom
209630,518,Landbrock,Callander,RI7P 0BV,United Kingdom
209631,677,Curryann,Shaftesbury,GS1E 9DV,United Kingdom
209632,1179,Glenganagh,Saltash,PD3L 4QD,United Kingdom
209633,1375,Corby,Whitstable,UY5J 8BB,United Kingdom
209634,1374,Lackaghboy,Loanhead,TK5S 1OC,United Kingdom
209635,480,Duneany,Kinross,CS8A 8RS,United Kingdom
209636,615,Lisneal,Tiverton,EK7G 5NB,United Kingdom
209637,165,Drumhose,South Molton,YE8W 5PO,United Kingdom
209638,61,Gills,Rushden,YP7N 6PQ,United Kingdom
209639,1156,Honeyford,Potton,DV3V 1LR,United Kingdom
209640,996,Drumhorc,Chatteris,KL9B 7OU,United Kingdom
209641,523,Garley,Stafford,KX6L 0HW,United Kingdom
209642,1379,Gardiners,Malvern,XE4Y 4KI,United Kingdom
209643,231,Castleward,Reigate,ET3D 5RP,United Kingdom
209644,1147,Hilcrest,Burford,FR1W 8MJ,United Kingdom
209645,503,Blackwatertown,Southborough,XH7H 5GI,United Kingdom
209646,587,Gortnaskey,Maidstone,PG3N 5HZ,United Kingdom
209647,352,Foley,Lincoln,YM0T 0RI,United Kingdom
209648,866,Clowney,East Kilbride,JC5T 5EG,United Kingdom
209649,37,Derryvinney,Chester le Street,PZ5D 1UE,United Kingdom
209650,125,Dyan,Rhuddlan,BJ2A 9AN,United Kingdom
209651,976,Hallstown,Ballymoney,XK7S 6CF,United Kingdom
209652,1289,Hyde,Camelford,IX8T 9CA,United Kingdom
209653,559,Killyflugh,Castle Douglas,BF2G 2JD,United Kingdom
209654,942,Dergenagh,Ballycastle,UN4X 3CB,United Kingdom
209655,521,Beechlodge,Havant,VX1Y 0BR,United Kingdom
209656,1285,Kinsale,Holywell,XV0P 8GV,United Kingdom
209657,1381,Glenmakeeran,Newmarket,VR0Q 3EX,United Kingdom
209658,253,Bryan,Burgess Hill,OI4Y 1YN,United Kingdom
209659,1164,Killaughey,Bourne,WG8R 3HW,United Kingdom
209660,846,Glenalina,Swanage,KU6A 5YD,United Kingdom
209661,758,Avonlea,Wellington,ZT6D 0VZ,United Kingdom
209662,329,Cavanamara,Bath,UL4M 3LO,United Kingdom
209663,551,Avonbrook,Nailsea,CV5E 7HN,United Kingdom
209664,1147,Bannfield,Amlwch,LL7H 2UR,United Kingdom
209665,788,Gortgole,Llanidloes,RS6O 1HD,United Kingdom
209666,1046,Drumalt,Saltash,JR8G 2FG,United Kingdom
209667,1360,Kipkarren,Bedlington,PM4P 5LK,United Kingdom
209668,1244,Loughash,Bromsgrove,SS4B 5IG,United Kingdom
209669,712,Killyfaddy,Kinghorn,PL2U 4UM,United Kingdom
209670,1067,Cherry,Inverkeithing,UC6H 1TM,United Kingdom
209671,143,Inveroe,Downham Market,XE5N 6UJ,United Kingdom
209672,970,Killymoon,Heanor,UI3R 4MX,United Kingdom
209673,831,Ballynafeagh,Winsford,AN5V 0SF,United Kingdom
209674,283,Clogharevan,Runcorn,EL0R 1EQ,United Kingdom
209675,575,Innisrush,Tenby,LP4O 7GO,United Kingdom
209676,1135,Ballymiscaw,Goole,VL4B 7FT,United Kingdom
209677,989,Kilcul,Luton,AG0E 1RS,United Kingdom
209678,791,Creggan,Castleford,AR1E 1JB,United Kingdom
209679,1314,Gordonvale,Abergele,ZC6Z 6NK,United Kingdom
209680,798,Glendhu,Wymondham,HA3Y 3SR,United Kingdom
209681,1349,Bengore,Pontypridd,PU2V 4YN,United Kingdom
209682,671,Crannard,Gloucester,YW3C 1JV,United Kingdom
209683,435,Ballygowan,Coventry,GT6F 8KC,United Kingdom
209684,823,Carrowreagh,Bradford,EI1J 7MI,United Kingdom
209685,536,Glenview,Elgin,MP1L 1NJ,United Kingdom
209686,972,Camderry,Farnborough,VV5Y 9AN,United Kingdom
209687,135,Fahan,Fleet,CI8M 3FR,United Kingdom
209688,991,Glanleam,Glastonbury,OZ7Z 9JF,United Kingdom
209689,331,Lammy,Dinnington,ZJ7D 1SL,United Kingdom
209690,1049,Greenhaven,Crieff,IW6R 8ML,United Kingdom
209691,44,Erinvale,Letchworth,GJ3L 1CP,United Kingdom
209692,1240,Loughash,Wellingborough,PV3T 9NZ,United Kingdom
209693,193,Gortwell,Lerwick,WU4Z 6SO,United Kingdom
209694,632,Grantham,South Woodham Ferrers,EI7O 1GH,United Kingdom
209695,336,Cornwall,Pontefract,WA2A 3WF,United Kingdom
209696,59,Loughash,Bloxwich,CN9M 9SD,United Kingdom
209697,424,Carneal,Ipswich,UM1U 3MY,United Kingdom
209698,537,Gortnagallon,Coleshill,EW3Q 1AP,United Kingdom
209699,172,Heatherbell,Walsall,KX4U 9QX,United Kingdom
209700,727,Burrels,Leeds,WB8M 5MO,United Kingdom
209701,711,Coburg,Craigavon,OI7J 0FK,United Kingdom
209702,246,Lennox,Ross on Wye,RX9L 5VE,United Kingdom
209703,135,Burfits,Bearsden,ZT1L 8XQ,United Kingdom
209704,513,Carrick-ard,Potton,AQ1L 2ZM,United Kingdom
209705,1001,Drumavoley,Retford,MQ9T 2IV,United Kingdom
209706,824,Lisnasure,Alsager,RF6D 3NM,United Kingdom
209707,127,Glenconway,Oxford,RH7D 9NQ,United Kingdom
209708,796,Kilmaconnell,Porthmadog,GS4Z 1CB,United Kingdom
209709,641,Carmel,Fort William,ZK2L 4WI,United Kingdom
209710,1329,Devenish,Portishead,SO3Z 6TF,United Kingdom
209711,645,Dicksonia,Ross on Wye,QH7K 1GM,United Kingdom
209712,1088,Dorney,Bedlington,NM2P 8KT,United Kingdom
209713,698,Cayman,Camelford,HM1C 8FA,United Kingdom
209714,1126,Carrowshee,Gloucester,XK3M 1LU,United Kingdom
209715,1042,Clonkeen,Bangor,CD0H 7ML,United Kingdom
209716,355,Binmore,Walton on the Naze,DF7U 2NZ,United Kingdom
209717,1006,Farlow,Harlow,WQ4X 9AM,United Kingdom
209718,1127,Bettys,Barmouth,VG0B 5VG,United Kingdom
209719,1181,Belturbet,Ryde,LY2O 5JC,United Kingdom
209720,474,Bel-air,Comber,JZ8L 9NZ,United Kingdom
209721,1019,Fairhead,Goole,CJ1K 0GY,United Kingdom
209722,780,Clanwilliams,Falkirk,OP5Z 7DF,United Kingdom
209723,1393,Hillburn,Ammanford,CB7L 5QN,United Kingdom
209724,340,Kee,Clydebank,HE3Y 9DG,United Kingdom
209725,266,Baskin,Markethill,UP9Q 6VL,United Kingdom
209726,669,Bracken,Canterbury,OM6U 0PY,United Kingdom
209727,386,Killeaton,Campbeltown,IA4O 3MB,United Kingdom
209728,482,Cargabane,Lydney,WG5U 1TE,United Kingdom
209729,1350,Beechvalley,Ilford,SI0C 9JV,United Kingdom
209730,1,Keemore,Ulverston,SY5K 0YF,United Kingdom
209731,275,Knockavoe,Blackheath,HD4W 0AN,United Kingdom
209732,966,Lisnafiffy,Ballynahinch,DZ9A 9KI,United Kingdom
209733,690,Laharna,Church Stretton,SO8H 6VK,United Kingdom
209734,663,Durnish,Lymington,SB0G 3SO,United Kingdom
209735,809,Derryneill,Withernsea,DT2F 6GD,United Kingdom
209736,582,Ballyloughan,Dunoon,YY1G 5YV,United Kingdom
209737,155,Ballyforlea,Wendover,NQ1Z 4QG,United Kingdom
209738,918,Kylebeg,Edenbridge,GJ9R 4CV,United Kingdom
209739,320,Circular,Ferndown,XX6P 6CW,United Kingdom
209740,750,Knocknagow,Merthyr Tydfil,HG4Q 9OX,United Kingdom
209741,1215,Glencairn,Grange over Sands,ZP0V 1RW,United Kingdom
209742,538,Derrycrow,Paisley,LM9E 2YW,United Kingdom
209743,731,Benderg,Hornsea,MY4Z 1SY,United Kingdom
209744,574,Ballyloughan,Inverurie,SD6C 5CJ,United Kingdom
209745,733,Drumcro,Ripon,PQ7Y 2OB,United Kingdom
209746,1168,Drumgullion,Burford,SB8B 0KV,United Kingdom
209747,54,Fulton,Sudbury,PM1Z 7OD,United Kingdom
209748,1338,Bristow,Ware,PK9A 3TP,United Kingdom
209749,979,Bonnanaboigh,Denbigh,AB0R 2HL,United Kingdom
209750,182,Hyacinth,Falkirk,KY4N 2XB,United Kingdom
209751,214,Cahir,Cowbridge,WV7S 0NG,United Kingdom
209752,773,Head,Exeter,PN2E 9RD,United Kingdom
209753,439,Heather,Ivybridge,PG8Q 5GM,United Kingdom
209754,19,Binmore,Market Weighton,GV4A 6LD,United Kingdom
209755,1125,Councillors,Langholm,QM4W 7OP,United Kingdom
209756,362,Ebor,Keighley,DE1N 3DF,United Kingdom
209757,530,Forthriver,Prestatyn,GV0I 5GB,United Kingdom
209758,9,Ballymacilcurr,Ringwood,GR1A 8HY,United Kingdom
209759,141,Killyberry,Camberley,ET4F 7EY,United Kingdom
209760,415,Dullaghy,Richmond,EW1D 7ZB,United Kingdom
209761,1006,Cladymore,Higham Ferrers,AR7Y 5RZ,United Kingdom
209762,996,Boundary,Redhill,EN3K 9WA,United Kingdom
209763,179,Glenties,Rhayader,KK2G 1OK,United Kingdom
209764,751,Lisleen,Brackley,RK8L 2HD,United Kingdom
209765,82,Havelock,Fareham,LE6L 4XN,United Kingdom
209766,1352,Corrameen,Aberystwyth,CZ7U 0KD,United Kingdom
209767,1201,Lecumpher,Pershore,MP5O 8MS,United Kingdom
209768,1092,Lagangreen,Bollington,LA2I 0DH,United Kingdom
209769,833,Bushvale,Hereford,YW2C 9CN,United Kingdom
209770,185,Drumconnis,Tobermory,QN2C 4OK,United Kingdom
209771,1200,Haddockstown,Perth,GN4M 3VA,United Kingdom
209772,817,Balligan,Alfreton,MW7X 3JE,United Kingdom
209773,520,Brackvede,Tenby,UL3O 5UV,United Kingdom
209774,1148,Loretto,Stirling,ZI1S 5IB,United Kingdom
209775,1267,Cloonagh,Havant,WO3L 3NX,United Kingdom
209776,444,Barranderry,Gainsborough,OT4B 7RA,United Kingdom
209777,197,Cooldreena,Horncastle,HZ2D 7VR,United Kingdom
209778,205,Kinghill,Crayford,FP5F 3KS,United Kingdom
209779,543,Ballynian,Cowes,CN4S 3OV,United Kingdom
209780,341,Drennan,Budleigh Salterton,XO9V 9VO,United Kingdom
209781,718,Coolraven,Dover,QS9K 4YG,United Kingdom
209782,303,Geddis,Pocklington,KJ7J 1VJ,United Kingdom
209783,741,Georges,Padstow,NR5H 2UC,United Kingdom
209784,203,Gallany,Langholm,FR6Q 5LP,United Kingdom
209785,1335,Duntreagh,Padstow,WH3R 8MS,United Kingdom
209786,815,Bessie,Bradninch,NY5L 0HO,United Kingdom
209787,718,Carlin,Hyde,DA9B 1HY,United Kingdom
209788,694,Bellhouse,Belper,GD8F 3HS,United Kingdom
209789,1204,Cluan,Middlewich,XZ2N 4FB,United Kingdom
209790,883,Fortlea,Usk,MT6O 3OG,United Kingdom
209791,1033,Fawney,Lynton,OG1W 6JJ,United Kingdom
209792,226,Lacken,Builth Wells,RD2F 8WE,United Kingdom
209793,520,Drumettagh,Godalming,MJ7Z 0AC,United Kingdom
209794,146,Carnbrae,Glasgow,EU9X 8JA,United Kingdom
209795,102,Ecclesgrove,Yeovil,RY7A 4ZM,United Kingdom
209796,301,Carrowdoon,Clitheroe,WE3C 2GG,United Kingdom
209797,1046,Gortnageeragh,Sheringham,KZ5H 1NV,United Kingdom
209798,1020,Drummiller,Fintona,BF7Q 6DH,United Kingdom
209799,840,Ballyoran,Aberfeldy,WK7N 5RM,United Kingdom
209800,333,Highgrove,Musselburgh,RD5Q 5PM,United Kingdom
209801,17,Astoria,Newport on Tay,YN9G 6ME,United Kingdom
209802,191,Kilcarn,Godalming,FG4U 4XJ,United Kingdom
209803,418,Cranmore,Tipton,XT5Y 1OD,United Kingdom
209804,135,Drumhoy,Holyhead,DY7M 9ZF,United Kingdom
209805,1157,Harmin,Burnham on Crouch,KZ6Y 1LF,United Kingdom
209806,568,Derryloughan,Maybole,YS7X 8UR,United Kingdom
209807,984,Loane,Chatham,DY7H 2KI,United Kingdom
209808,1046,Beechlea,Biddulph,TR5G 1CK,United Kingdom
209809,1089,Knollwood,Rotherham,LM5A 9NF,United Kingdom
209810,1323,Desertmartin,Bicester,AJ4C 8ZQ,United Kingdom
209811,1356,Carnglave,Thrapston,QN7C 0SQ,United Kingdom
209812,197,Bryansburn,Burntisland,XK3Y 7XI,United Kingdom
209813,1042,Kilkinamurry,Belfast,FY3D 7HK,United Kingdom
209814,1001,Beechgrove,Skegness,VO9G 6YY,United Kingdom
209815,561,Burndale,Lancaster,AT1G 6SA,United Kingdom
209816,334,Lacken,Winslow,QZ2P 4AK,United Kingdom
209817,1064,Kirkpatrick,Nailsworth,CD7J 5CD,United Kingdom
209818,16,Clogherney,East Grinstead,HL6H 3YE,United Kingdom
209819,456,Campsie,Waltham Abbey,TC2P 6HW,United Kingdom
209820,202,Keadyville,Dundee,AO8V 1MX,United Kingdom
209821,393,Dunleath,Solihull,SY6A 3FA,United Kingdom
209822,552,Ballyarnett,Lancaster,EA2C 7SX,United Kingdom
209823,1141,Britannic,Bridlington,KT8M 2VU,United Kingdom
209824,49,Ballymore,Rutherglen,XE4I 5SK,United Kingdom
209825,1350,Doras,Wareham,KE7E 1MR,United Kingdom
209826,204,Kilcronagh,Wells,DE1Z 6LF,United Kingdom
209827,271,Bar,Ashton in Makerfield,UT8X 0XA,United Kingdom
209828,654,Drumarkin,Neath,WX6X 9WB,United Kingdom
209829,815,Cauleys,Horncastle,KY3E 5IF,United Kingdom
209830,1084,Clandeboye,Huntly,DG6S 5DJ,United Kingdom
209831,1135,Leap,Lincoln,HT4X 0FA,United Kingdom
209832,899,Illanmean,Wigston,OI2F 4MO,United Kingdom
209833,92,Iskymeadow,Marlborough,IV0Y 0RR,United Kingdom
209834,173,Horn,Oxford,FC8Z 6ET,United Kingdom
209835,1376,Burren,Scarborough,YL6L 7NQ,United Kingdom
209836,785,Castleton,Ampthill,RT5E 6AV,United Kingdom
209837,146,Fernagreevagh,Somerton,UP6K 2YF,United Kingdom
209838,1262,Connsbrook,Llanwrtyd Wells,KE0Q 5LT,United Kingdom
209839,135,Iona,Halesworth,LN5X 1WE,United Kingdom
209840,1041,Brockaghboy,Thatcham,MU3I 8XZ,United Kingdom
209841,268,Glendara,Thirsk,JR0G 7QS,United Kingdom
209842,1115,Halls,Cromarty,SQ4H 1FX,United Kingdom
209843,21,Horners,Thirsk,EQ8O 6HQ,United Kingdom
209844,882,Carncome,Hythe,HF2J 9SC,United Kingdom
209845,1047,Brigh,Havant,QN8Y 7UZ,United Kingdom
209846,899,Ballybeeny,Penzance,FM7Q 2QP,United Kingdom
209847,1354,Canal,Penistone,QT0C 2XN,United Kingdom
209848,392,Irvington,Magherafelt,AM7L 8QJ,United Kingdom
209849,447,Haugheys,Leicester,CU4I 2NX,United Kingdom
209850,34,Ballynagalliagh,Heathfield,JQ8V 3QM,United Kingdom
209851,1168,Killowen,Ballyclare,GF1O 5TQ,United Kingdom
209852,618,Liscannor,Bala,DE1O 7OB,United Kingdom
209853,1058,Kingsland,Exeter,PW0W 5VU,United Kingdom
209854,431,Inishative,Westminster,PM5R 8EL,United Kingdom
209855,620,Kilnadore,Brighton and Hove,PU5N 5VB,United Kingdom
209856,729,Henalta,Dunbar,VU6B 8CQ,United Kingdom
209857,719,Learmore,Rayleigh,OY2T 7AY,United Kingdom
209858,364,Ballylumford,Corbridge,SI5K 5JT,United Kingdom
209859,1102,Bushfield,Belper,GH1D 1IE,United Kingdom
209860,1231,Dufless,Llanfyllin,NO1G 4AL,United Kingdom
209861,406,Gorey,Worthing,WT1J 5OF,United Kingdom
209862,945,Lislap,Ilkley,OH0C 3BC,United Kingdom
209863,560,Battlehill,Market Weighton,WR7J 6TM,United Kingdom
209864,403,Keadymore,Callander,OE5X 9VY,United Kingdom
209865,748,Dunnaman,Sheerness,JZ1I 7ZH,United Kingdom
209866,593,Fodnamona,Crediton,KA9S 9TU,United Kingdom
209867,729,Drumlar,Carnforth,IN4J 6WH,United Kingdom
209868,618,Bridge,Totton,RT4B 6UD,United Kingdom
209869,1174,Crevenish,Randalstown,DH3F 3ZX,United Kingdom
209870,1085,Leicester,Betws y Coed,HW3X 9DM,United Kingdom
209871,480,Drumlegagh,Armagh,WF1R 3VA,United Kingdom
209872,637,Liminary,Maesteg,DN1S 0PB,United Kingdom
209873,112,Derrykeeran,Doncaster,YU8L 4QG,United Kingdom
209874,799,Fecarry,New Mills,LN1A 6SY,United Kingdom
209875,945,Castlegore,Ripley,GE9O 9HF,United Kingdom
209876,36,Carnmore,Alnwick,UO5D 5QS,United Kingdom
209877,1078,Liscoom,Hatfield,EZ2C 1XT,United Kingdom
209878,590,Cloonagh,Newmarket,IE7U 7ZB,United Kingdom
209879,312,Connaugh,Ebbw Vale,FL6V 0BF,United Kingdom
209880,750,Bramblewood,Battle,XY5B 0EN,United Kingdom
209881,892,Esdale,Abergavenny,QP6Q 9JV,United Kingdom
209882,1276,Clonfane,Montgomery,FO9X 9DA,United Kingdom
209883,1220,Bannfoot,Auchtermuchty,QE5Q 5ST,United Kingdom
209884,1345,Lisnagort,Newport on Tay,OC5H 6PL,United Kingdom
209885,819,Clonallan,Porthcawl,OY3G 9HF,United Kingdom
209886,365,Glenmount,Weston super Mare,HC9I 4CJ,United Kingdom
209887,221,Gardners,Lochgilphead,XZ2J 2WO,United Kingdom
209888,341,Clonallon,Aldridge,RY3N 1HP,United Kingdom
209889,356,Beulah,Leiston,RJ6B 2UF,United Kingdom
209890,1235,Ballymather,Bristol,ZX1C 0AB,United Kingdom
209891,222,Lisagally,Burnley,TB5D 4XN,United Kingdom
209892,1190,Kinglass,Settle,IT6O 4FR,United Kingdom
209893,839,Gortgarn,Builth Wells,AH5U 7KK,United Kingdom
209894,199,Braeside,Keswick,JN6W 0TF,United Kingdom
209895,794,Craigdunloof,Sunderland,OL8F 2OS,United Kingdom
209896,787,Gosheden,Norwich,GR4D 9KA,United Kingdom
209897,608,Derryhale,Wellington,BD1F 5GD,United Kingdom
209898,692,Lisnahull,Southborough,LM1Y 3HR,United Kingdom
209899,1002,Hindsdale,Newmarket,JF2Z 3VJ,United Kingdom
209900,382,Corrinare,Newton Stewart,WB7F 8DJ,United Kingdom
209901,1289,Beaghville,Brigg,NR3M 9ZM,United Kingdom
209902,135,Derryvore,Perth,JK1M 3XV,United Kingdom
209903,1076,Inchcolm,Oxford,RY0D 1GU,United Kingdom
209904,37,Guide,Saltash,IS6F 0NY,United Kingdom
209905,836,Cusher,Orpington,IZ2M 6FM,United Kingdom
209906,105,Cambrai,Bellshill,AQ3K 3DN,United Kingdom
209907,320,Bagot,Peterborough,SP8F 5AP,United Kingdom
209908,410,Landscape,Liverpool,QT9C 0UG,United Kingdom
209909,1381,Donaldson,Cowes,GG7R 7OF,United Kingdom
209910,793,Erenagh,Frome,BF7T 1OQ,United Kingdom
209911,899,Coast,Dundee,KU1S 0CM,United Kingdom
209912,1316,Bessie,Dufftown,KS8J 7UI,United Kingdom
209913,424,Glencairn,Hemel Hempstead,KN9X 8HB,United Kingdom
209914,1032,Laurelvale,Bridport,QK5O 7TG,United Kingdom
209915,28,Loughaveely,Randalstown,HO6Q 0QN,United Kingdom
209916,311,Lisnasoo,Pudsey,DQ7T 1NB,United Kingdom
209917,869,Legahory,Wisbech,LZ0E 3FJ,United Kingdom
209918,433,Ashton,Antrim,PN8T 9JS,United Kingdom
209919,1099,Lindesayville,Tillicoultry,HN7D 8ME,United Kingdom
209920,878,Isabella,Waltham Cross,ME9Z 7AL,United Kingdom
209921,777,Kilcorig,Coalville,SB5J 4HG,United Kingdom
209922,52,Dundooan,Motherwell,HZ1X 3BE,United Kingdom
209923,372,Highdene,Rotherham,OU3H 2EC,United Kingdom
209924,1289,Avon,Grantham,YU8F 4YK,United Kingdom
209925,1287,Dunmore,Clogher,IQ4M 3WQ,United Kingdom
209926,540,Cormac,Newcastle upon Tyne,RZ8D 5DA,United Kingdom
209927,197,Lisbane,Princes Risborough,VB9V 1KL,United Kingdom
209928,151,Crossglebe,Knighton,DY3M 3DI,United Kingdom
209929,171,Cavanacor,Moretonhampstead,KT2S 5LL,United Kingdom
209930,1187,Factory,Randalstown,NM4R 3ML,United Kingdom
209931,1343,Glenaden,Lisburn,DY7R 1WI,United Kingdom
209932,1060,Josephine,Caistor,EM2K 8BC,United Kingdom
209933,426,Crescentburn,Dalkeith,BH1T 6SE,United Kingdom
209934,101,Ballymoyle,Chichester,YP4M 3ZV,United Kingdom
209935,376,Gortnagola,Criccieth,VM8B 1WS,United Kingdom
209936,517,Lisdown,Ormskirk,GM3Y 0HK,United Kingdom
209937,508,Cadogen,Cardigan,TL5Z 9EZ,United Kingdom
209938,1022,Churchwell,Mexborough,TI4K 4SZ,United Kingdom
209939,943,Cahill,Hamilton,JI3F 9MV,United Kingdom
209940,444,Ballycorr,Coatbridge,DG3U 8QD,United Kingdom
209941,32,Lindenwood,Bexhill on Sea,ZM2E 0CA,United Kingdom
209942,1184,Drumreagh,Clydebank,ND1F 9WT,United Kingdom
209943,123,Causanagh,Truro,PH4D 3IF,United Kingdom
209944,1039,Hallstown,Plymouth,AA7A 2SW,United Kingdom
209945,1276,Cleen,Westminster,LP7J 3AO,United Kingdom
209946,99,Inishowen,Portstewart,WV4V 0JG,United Kingdom
209947,61,Drumgay,Crawley,MB2F 0SR,United Kingdom
209948,1198,Killykergan,Merthyr Tydfil,IO4S 6KX,United Kingdom
209949,325,Lismore,Portsmouth,XU9I 8DI,United Kingdom
209950,602,Carribeg,Reading,RR0S 0KJ,United Kingdom
209951,563,Grahamville,Downpatrick,FF6X 8ZW,United Kingdom
209952,1021,Highview,Airdrie,VN8W 5ZE,United Kingdom
209953,871,Drumart,Epsom,OZ5Q 4UI,United Kingdom
209954,374,Drumnabreeze,Brighton,LS0H 2WM,United Kingdom
209955,122,Glenrush,Southsea,NB4E 7DR,United Kingdom
209956,62,Craiglands,Princes Risborough,EZ0L 6UF,United Kingdom
209957,870,Doric,Donaghadee,FA8D 7JL,United Kingdom
209958,384,Gibson,Ballater,YA8S 1XX,United Kingdom
209959,207,Clea,Workington,DD6W 2TQ,United Kingdom
209960,98,Chestnut,Ashton in Makerfield,IB5P 6BR,United Kingdom
209961,369,Kinnego,North Berwick,QD4X 6VK,United Kingdom
209962,45,Brookend,Esher,UC7Z 5TN,United Kingdom
209963,535,Livins,Dalbeattie,VL6L 7UU,United Kingdom
209964,581,Gleann,Ryde,QD1I 2XG,United Kingdom
209965,686,Craigbrack,Oakham,VV9D 1TI,United Kingdom
209966,1184,Iverna,Halesowen,MX8E 0VX,United Kingdom
209967,436,Caugheys,Milton Keynes,WI6U 8TO,United Kingdom
209968,565,Glenville,Enniskillen,ST3H 6OA,United Kingdom
209969,1128,Hertford,Crewkerne,YF4X 4AP,United Kingdom
209970,1276,Dunclare,Dukinfield,FP7J 5CU,United Kingdom
209971,895,Corrody,Woodstock,QY1V 0WT,United Kingdom
209972,238,Killala,Thatcham,CM9T 8FI,United Kingdom
209973,205,Lisnaclin,Salcombe,RE6R 5NP,United Kingdom
209974,378,Crosshill,Buckingham,GW3A 5OP,United Kingdom
209975,1035,Boneybefore,Painswick,IK5P 3DF,United Kingdom
209976,1238,Beltonanean,Petworth,RR4X 0FG,United Kingdom
209977,284,Lincoln,Batley,CZ4Q 1ON,United Kingdom
209978,487,Derrylornan,Chelmsford,DO9A 5PX,United Kingdom
209979,629,Crotty,Oldbury,EK8P 6TM,United Kingdom
209980,1031,Craigmonaghan,Thornbury,UT8I 2OE,United Kingdom
209981,1196,Gortlane,Yeadon,YS9Y 6AI,United Kingdom
209982,1043,Cairncourt,Newmarket,IW5W 6RO,United Kingdom
209983,676,Innishmore,Amesbury,YR2K 6EA,United Kingdom
209984,1393,Dungloe,Alloa,ZI2Z 6HX,United Kingdom
209985,862,Barnetts,Abertillery,JK2K 9EJ,United Kingdom
209986,26,Foggyhill,Glastonbury,ZJ4N 3UX,United Kingdom
209987,651,Caramoyle,Ballater,CG1A 0DP,United Kingdom
209988,1307,Kingscourt,Rickmansworth,UE4G 9ET,United Kingdom
209989,1217,Lombard,Ware,EP3O 5WZ,United Kingdom
209990,556,Lawnakilla,Southborough,YK8G 3YJ,United Kingdom
209991,621,Carnwood,Downham Market,HF2I 9LQ,United Kingdom
209992,1285,Cairnsmore,Moffat,LV3Y 8KF,United Kingdom
209993,98,Glastonbury,Carlisle,SO9H 0KK,United Kingdom
209994,798,Clonboy,Kintore,RW5M 6HG,United Kingdom
209995,1036,Carnbore,Eastleigh,HN9U 9GD,United Kingdom
209996,691,Ballyglass,Bakewell,FU6U 7TO,United Kingdom
209997,397,Gap,Gloucester,CA9N 8KT,United Kingdom
209998,790,Ballydown,Poole,PG5Y 4FK,United Kingdom
209999,27,Lisnalinchy,Chippenham,FS8K 1BM,United Kingdom
