638000,Larisa,Contreras,University of Reading
638001,Joselyn,Patrick,Liverpool Hope University
638002,Ying,Erickson,King's College London
638003,Titus,Brown,University of Bath
638004,Jed,Ayala,Leeds College of Art
638005,Mikaela,Baker,University of Cumbria
638006,Mitsue,Price,Glasgow School of Art
638007,Humberto,Parks,Falmouth University
638008,Chet,Payne,European School of Economics
638009,Michale,Shaffer,University of Lincoln
638010,Gia,Franco,"Goldsmiths, University of London"
638011,Nobuko,Cantu,The Royal Central School of Speech and Drama
638012,Houston,Armstrong,University of Stirling
638013,Kareen,Wise,Bath Spa University
638014,Suellen,Stokes,University of Central Lancashire
638015,My,Hart,University of Cambridge
638016,Pasquale,Santiago,Sheffield Hallam University
638017,Mason,Romero,University of Wolverhampton
638018,Tyron,Gill,London Metropolitan University
638019,German,Randall,University of Surrey
638020,Yuette,Shaffer,Plymouth University
638021,Lourie,Walter,University of Westminster
638022,Denyse,Nicholson,Teesside University
638023,Stanley,Sutton,Harper Adams University
638024,Alane,Glass,Royal Conservatoire of Scotland
638025,Rayna,Slater,London Business School
638026,Blake,Reed,Norwich University of the Arts
638027,Heide,Wells,Staffordshire University
638028,Reed,Clay,Norwich University of the Arts
638029,Bronwyn,Walker,Harper Adams University
638030,Owen,Atkinson,"School of Advanced Study, University of London"
638031,Chuck,Reilly,Glasgow School of Art
638032,Irish,Wood,The London School of Economics and Political Science
638033,Mark,Stone,University of Portsmouth
638034,Lionel,Smith,Bangor University
638035,Jann,Humphrey,University of Dundee
638036,Diamond,Reid,Newcastle University
638037,James,Nicholson,University of South Wales
638038,Hosea,Daniels,Leeds Trinity University
638039,Tuan,Wong,Edge Hill University
638040,Cathern,Stephens,Royal College of Art
638041,Miss,Holloway,University of Bradford
638042,Asuncion,Hickman,University of Bristol
638043,Ezequiel,Benjamin,Coventry University
638044,Ronald,Whitney,Leeds Trinity University
638045,Deangelo,Hill,Royal College of Art
638046,Brigida,Valdez,Plymouth College of Art
638047,Shizuko,Guzman,University of Cambridge
638048,Nolan,Wong,University of Roehampton
638049,Lashon,Wheeler,The University of Manchester
638050,Jae,Campbell,King's College London
638051,Dominick,Wolf,Regent's University London
638052,Ruthe,Lucas,Coventry University
638053,Toshia,Ross,Edge Hill University
638054,Crista,Shepard,Keele University
638055,Burl,Gallegos,University of the West of Scotland
638056,Broderick,Beasley,Glyndwr University
638057,Bo,Moran,University of West London
638058,Sydney,Fuller,Leeds Trinity University
638059,Jed,Mckay,European School of Economics
638060,Val,Roberts,Keele University
638061,Min,Whitley,"Richmond, The American International University in London"
638062,Roderick,Hogan,York St John University
638063,Sandee,Santos,University of Essex
638064,Ching,Wilkerson,Aston University
638065,Dannie,Evans,Northumbria University
638066,Marcelino,Conner,City University London
638067,Lelah,Velez,Bishop Grosseteste University
638068,Thi,Finley,University of Portsmouth
638069,Lindsay,Burks,Royal Veterinary College University of London
638070,Shizuko,Porter,Royal College of Art
638071,Julius,Morrison,University of East London
638072,Colene,Booth,York St John University
638073,Kasandra,Mccarthy,Arts University Bournemouth
638074,Edmundo,Rodgers,Imperial College London
638075,Sung,Clay,Canterbury Christ Church University
638076,Sheridan,Hooper,Anglia Ruskin University
638077,Anthony,Phillips,University of Derby
638078,Dede,Osborn,Ulster University
638079,Bulah,Cameron,Northumbria University
638080,Chae,Haney,Royal Agricultural University
638081,Eugena,Lynn,Aberystwyth University
638082,Rosenda,Lawson,University of Exeter
638083,Jessenia,Wells,Plymouth College of Art
638084,Coy,Anthony,Cranfield University
638085,Margit,Berger,Harper Adams University
638086,Saturnina,James,Oxford Brookes University
638087,Helaine,Stout,Falmouth University
638088,Sherley,Webster,University of the Highlands and Islands
638089,Vennie,Gilmore,The University of Northampton
638090,Manuel,Berger,Liverpool Hope University
638091,Candie,Crosby,Nottingham Trent University
638092,Shondra,Buchanan,Leeds Beckett University
638093,Elias,Rowe,University of Lincoln
638094,Owen,Tate,University of Cumbria
638095,Laveta,Lloyd,University of Dundee
638096,Melissia,Shaw,The Royal Central School of Speech and Drama
638097,Michel,Banks,University for the Creative Arts
638098,Malik,Donovan,University of Salford
638099,Paulita,Lowery,The University of York
638100,Josef,Anthony,University of Greenwich
638101,Werner,Cooley,University of Strathclyde
638102,Huong,Schneider,University of Hertfordshire
638103,Jacquetta,Gilliam,University of Glasgow
638104,Minh,Tate,Glasgow School of Art
638105,Shawana,Lara,York St John University
638106,Carie,Vega,"Royal Academy of Music, University of London"
638107,Chuck,Mcdonald,Bournemouth University
638108,Tonie,Leblanc,University of Oxford
638109,Prince,Wilder,University of Wolverhampton
638110,Lucius,Parker,Keele University
638111,Dylan,Hoover,Queen Margaret University
638112,Darrin,Kelly,University of Sussex
638113,Patrick,Hodge,Middlesex University
638114,Amado,Lloyd,Swansea University
638115,Valeri,Harrison,Northumbria University
638116,Theron,Battle,University College London
638117,Kris,Barton,The University of Sheffield
638118,Yen,Johns,Heriot-Watt University
638119,Naida,Todd,University of Abertay Dundee
638120,Elliot,Sweeney,Manchester Metropolitan University
638121,Drucilla,Frye,University of Worcester
638122,Derek,Cooley,Bishop Grosseteste University
638123,Rayford,Wooten,University of Glasgow
638124,Johnathan,Estrada,Staffordshire University
638125,Leana,Banks,"Heythrop College, University of London"
638126,Foster,Bowman,Buckinghamshire New University
638127,Tyree,Hammond,University of Portsmouth
638128,Laurence,Macdonald,The University of Winchester
638129,Shad,Calderon,The University of York
638130,Monte,Soto,BPP University
638131,Georgeanna,Fulton,Ulster University
638132,Porfirio,Payne,University of Exeter
638133,Mafalda,Castillo,University College Birmingham
638134,Chris,Ingram,City University London
638135,Olympia,Sargent,University of Worcester
638136,Albert,Nieves,University of Abertay Dundee
638137,Eugena,Mckinney,The London School of Economics and Political Science
638138,Loan,Willis,Keele University
638139,Shawana,Wise,Norwich University of the Arts
638140,Isaias,King,University of Cumbria
638141,German,Grant,Cranfield University
638142,Soo,Willis,University of Central Lancashire
638143,Odell,Clayton,University of Strathclyde
638144,Jessi,Bernard,Regent's University London
638145,Tennie,Pittman,University for the Creative Arts
638146,Tish,Hahn,University for the Creative Arts
638147,Laurinda,Pickett,Edinburgh Napier University
638148,Annis,Collins,The Royal Central School of Speech and Drama
638149,Lawrence,Carpenter,Glasgow School of Art
638150,Avery,Hooper,Regent's University London
638151,Corrin,Lancaster,"Richmond, The American International University in London"
638152,Lon,Sparks,University of Kent
638153,Nolan,Albert,Glyndwr University
638154,Gregorio,Wong,Leeds Trinity University
638155,Mario,Reese,Newman University
638156,Desmond,Santiago,Edinburgh Napier University
638157,Despina,Bernard,University of Abertay Dundee
638158,Akilah,Lancaster,University of Roehampton
638159,Mel,Mcdaniel,Liverpool John Moores University
638160,Rocco,Gross,The Royal Central School of Speech and Drama
638161,Joslyn,Mcdonald,Leeds Beckett University
638162,Jone,Gallegos,University of Chester
638163,Kurtis,Lancaster,University of Kent
638164,Shad,Pope,University of Cumbria
638165,Maxima,Pratt,University of Huddersfield
638166,Regan,Hewitt,University of Wolverhampton
638167,Matt,Cameron,University College Birmingham
638168,Velvet,Adkins,Royal College of Music
638169,Antwan,Delacruz,"Heythrop College, University of London"
638170,Na,Mathews,University of Bradford
638171,Carie,Yates,"St Mary's University, Twickenham"
638172,Deeann,Bird,Plymouth College of Art
638173,Geoffrey,Skinner,University of Gloucestershire
638174,Marline,Edwards,"Royal Holloway, University of London"
638175,Adolph,Byrd,University of Greenwich
638176,Frederic,Mccarthy,Bath Spa University
638177,Irish,Hughes,Edinburgh Napier University
638178,Sharika,Gordon,University of Bedfordshire
638179,Sam,Nichols,University of Lincoln
638180,Elmer,Dickson,Nottingham Trent University
638181,Robena,Salazar,University of Dundee
638182,Melani,Davenport,"Richmond, The American International University in London"
638183,Lemuel,Gregory,Arts University Bournemouth
638184,Yolande,Calhoun,University of Lincoln
638185,Wilber,West,The University of Hull
638186,Merle,Lynn,University of West London
638187,Creola,Velasquez,Teesside University
638188,Dusty,Becker,Arts University Bournemouth
638189,Danyelle,Salazar,The University of Northampton
638190,Jan,Noel,Edge Hill University
638191,Harley,Levy,Teesside University
638192,Evelynn,Cameron,University of Exeter
638193,Cameron,Salas,The University of Edinburgh
638194,Dorsey,Paul,Leeds College of Art
638195,Wayne,Nielsen,The University of Edinburgh
638196,Johnny,Hebert,University of Westminster
638197,Drew,Ray,University of Glasgow
638198,Hilario,Butler,Loughborough University
638199,Jerald,Powell,University of Wolverhampton
638200,Nancie,Burris,University of Chester
638201,Norberto,Mcfarland,Cranfield University
638202,Veta,Haynes,University of Strathclyde
638203,Josue,Delgado,University of Leicester
638204,Twana,Rojas,"School of Advanced Study, University of London"
638205,Matthew,Richard,University of Southampton
638206,Gregory,Hays,Harper Adams University
638207,Donovan,Stanton,University of Westminster
638208,Jacinto,Nieves,University of the West of England
638209,Jaime,Chambers,The University of Law
638210,Percy,Holder,The University of York
638211,Marcelene,Livingston,"Royal Academy of Music, University of London"
638212,Julius,Petty,Queen's University Belfast
638213,Bryce,Gutierrez,Aberystwyth University
638214,Alec,Cotton,Bournemouth University
638215,Evia,Pennington,University of West London
638216,Wilfredo,Stein,Bishop Grosseteste University
638217,Kortney,Hamilton,University of Dundee
638218,Leonardo,Emerson,University of St Andrews
638219,Pasquale,Byrd,University of Salford
638220,Randall,Duke,Cranfield University
638221,Rigoberto,Campos,The University of Sheffield
638222,Brady,Carrillo,"School of Advanced Study, University of London"
638223,Will,Griffin,Newcastle University
638224,Maren,Chambers,University of Glasgow
638225,Marcel,Wilcox,Leeds Trinity University
638226,Kenyetta,Wilson,University of Abertay Dundee
638227,Ceola,Rice,University of Bradford
638228,Page,Boyle,University of Bradford
638229,Luther,Benjamin,University of St Mark and St John
638230,Magen,Montoya,University of Salford
638231,Patrick,Daniel,Arts University Bournemouth
638232,Hollis,Rodriguez,University for the Creative Arts
638233,Maynard,Adkins,"Royal Holloway, University of London"
638234,Erwin,Dean,King's College London
638235,Sharyl,Nash,Oxford Brookes University
638236,Nathanial,Gill,"London School of Hygiene and Tropical Medicine, University of London"
638237,Luis,Mcmillan,Plymouth College of Art
638238,Cecil,Bishop,University College London
638239,Antwan,Bowman,Edinburgh Napier University
638240,Jesusita,Whitaker,University of St Andrews
638241,Robert,Dale,Glasgow School of Art
638242,Vance,Bowers,The University of Edinburgh
638243,Julene,Graves,University of Bradford
638244,Russel,Baldwin,De Montfort University
638245,Senaida,Craig,Robert Gordon University
638246,Lavelle,Nolan,Queen Mary University of London
638247,Marin,Blevins,University of Sussex
638248,Antonia,Beach,University of London
638249,Chance,Mccarthy,University of Bolton
638250,Winston,Fields,BPP University
638251,Irving,Pittman,Nottingham Trent University
638252,Sadye,O'donnell,Imperial College London
638253,Neomi,Klein,Robert Gordon University
638254,Inger,Mcclain,The University of York
638255,Eusebia,Velazquez,Royal Conservatoire of Scotland
638256,Hans,Gamble,Leeds Trinity University
638257,Kasi,Williamson,University of Chester
638258,Scarlet,Odom,Keele University
638259,Clinton,Valencia,Liverpool Hope University
638260,Francoise,Nelson,University of Leeds
638261,Oswaldo,Battle,Scotland’s Rural College
638262,Evan,Herrera,University of Essex
638263,Wilber,Mathis,University of Salford
638264,Rima,Walls,Newman University
638265,Mariette,Chang,Plymouth University
638266,Albertine,Barker,The University of Warwick
638267,Marlon,Marquez,Durham University
638268,Adaline,Harvey,The University of Warwick
638269,Elliot,Wolf,The University of Edinburgh
638270,Stanford,Bauer,European School of Economics
638271,Jamey,Conner,Sheffield Hallam University
638272,Carlos,Richard,"School of Advanced Study, University of London"
638273,Latrina,Cervantes,Newman University
638274,Kena,Keith,University of Sunderland
638275,Erwin,Haney,University of Sussex
638276,Beula,Frank,"Richmond, The American International University in London"
638277,Nana,Cox,Queen Mary University of London
638278,Rosendo,Bailey,De Montfort University
638279,Dave,Decker,University of Portsmouth
638280,Sharee,Blake,Royal College of Art
638281,Jule,Watts,Royal Conservatoire of Scotland
638282,Lavern,Brennan,University of Glasgow
638283,Marshall,Frost,Bournemouth University
638284,Casey,Morse,University of Sunderland
638285,Stephania,Mack,"Goldsmiths, University of London"
638286,Harold,Boone,University of Wales Trinity Saint David
638287,Antony,Sheppard,Falmouth University
638288,Joaquina,Frazier,Loughborough University
638289,Jetta,Norman,Bournemouth University
638290,Jasper,Hicks,Royal Conservatoire of Scotland
638291,Landon,Wells,Newcastle University
638292,Lyman,Rios,"Heythrop College, University of London"
638293,Gerry,Mccormick,Queen's University Belfast
638294,Violette,Leon,"St George's, University of London"
638295,Vaughn,Whitaker,"London School of Hygiene and Tropical Medicine, University of London"
638296,Leandro,Mcleod,Harper Adams University
638297,Isidro,Meyer,Harper Adams University
638298,Lanny,Hardy,University of Cambridge
638299,Yasmine,Rose,Newman University
638300,Carol,Moreno,Durham University
638301,Asa,Little,London South Bank University
638302,Fleta,Hatfield,The University of Manchester
638303,Enda,Bradford,Imperial College London
638304,Bertram,Decker,University of Oxford
638305,Robin,Benson,City University London
638306,Tamie,Faulkner,University of West London
638307,Silva,Browning,The University of Edinburgh
638308,Quinton,Hester,University of St Mark and St John
638309,Josef,Hansen,Royal Conservatoire of Scotland
638310,Jorge,Bird,Norwich University of the Arts
638311,Sherrell,Garner,Manchester Metropolitan University
638312,Barry,Mcleod,Imperial College London
638313,Claretha,Vance,University of Gloucestershire
638314,Jame,Padilla,"St George's, University of London"
638315,Austin,Small,Teesside University
638316,Dillon,Shaffer,Leeds Trinity University
638317,Christia,Paul,BPP University
638318,Danille,Mclaughlin,The University of Manchester
638319,Hilton,Nelson,University of Bedfordshire
638320,Sarina,Kline,"Royal Holloway, University of London"
638321,Yolande,Lloyd,Glasgow Caledonian University
638322,Allegra,Daniels,University of Bristol
638323,Werner,Greene,University of East London
638324,Stefania,Church,Kingston University
638325,Treasa,Wise,The University of Law
638326,Merle,Waller,Scotland’s Rural College
638327,Lou,Solis,Birmingham City University
638328,Monserrate,Whitfield,Arts University Bournemouth
638329,Ardelle,Bond,King's College London
638330,Nguyet,Diaz,University of Derby
638331,Wenona,Weeks,Scotland’s Rural College
638332,Cesar,Sherman,University of Roehampton
638333,Doreatha,Jacobson,University of Bedfordshire
638334,Tyrone,Cobb,"SOAS, University of London"
638335,Karleen,Leblanc,York St John University
638336,Walter,Gilliam,University of Brighton
638337,Breann,Hartman,Edinburgh Napier University
638338,Nana,Vega,University of Oxford
638339,Markita,Forbes,Middlesex University
638340,Rueben,Stevenson,Teesside University
638341,Vanita,Valencia,The Royal Central School of Speech and Drama
638342,Antone,Chavez,Bournemouth University
638343,Cordell,Morris,London South Bank University
638344,Annamae,Watts,University of Glasgow
638345,Marvella,Solis,University of West London
638346,Zachary,Duke,The University of Northampton
638347,Blaine,Mccoy,Royal Veterinary College University of London
638348,Joie,Ortega,"Richmond, The American International University in London"
638349,Williams,Chang,Falmouth University
638350,Huong,Dillon,University of Southampton
638351,Karl,Dalton,Bangor University
638352,Serita,Duran,Oxford Brookes University
638353,Waneta,Ortega,Loughborough University
638354,Adaline,Barr,Teesside University
638355,Marin,Park,Bath Spa University
638356,Ardelia,Nguyen,University of Portsmouth
638357,George,Vasquez,Sheffield Hallam University
638358,Dennis,Wheeler,University of Bedfordshire
638359,Oswaldo,Craig,University of Chichester
638360,Delta,Riggs,University of Oxford
638361,Michel,Estes,Glasgow School of Art
638362,Marvin,Ayala,The University of Law
638363,Jeanice,Potter,Edge Hill University
638364,Jeremy,Moore,University of Gloucestershire
638365,Grisel,Mcclure,De Montfort University
638366,Margy,Russo,Leeds College of Art
638367,Thad,Glover,University of the West of England
638368,Troy,Bright,"Royal Holloway, University of London"
638369,Donny,Carlson,Durham University
638370,Gennie,Hendricks,Bath Spa University
638371,Temika,Knight,The University of Winchester
638372,Elroy,Mckenzie,Scotland’s Rural College
638373,Russel,Cooley,University of Exeter
638374,Leigh,O'donnell,The University of Manchester
638375,Lorenzo,Ford,Cardiff University
638376,Brigid,Peck,London Metropolitan University
638377,Karry,Orr,City University London
638378,Rudy,Stewart,Royal College of Music
638379,Toshia,Murphy,"Goldsmiths, University of London"
638380,Thaddeus,Williams,Canterbury Christ Church University
638381,Vanda,Shannon,University of Exeter
638382,Aracelis,Knight,"Birkbeck, University of London"
638383,Robena,Acosta,University of St Andrews
638384,Jame,Frost,The Royal Central School of Speech and Drama
638385,Alease,Huber,"Heythrop College, University of London"
638386,Shaun,Phillips,University of Hertfordshire
638387,Michael,Duke,"Royal Holloway, University of London"
638388,Lucius,Price,BPP University
638389,Winston,Warner,University of Central Lancashire
638390,Angelyn,England,Bishop Grosseteste University
638391,Hanh,Finch,Durham University
638392,Fredrick,Phelps,Loughborough University
638393,Michaele,Gay,University of Hertfordshire
638394,Marcos,Clemons,University of Bedfordshire
638395,Rutha,Guerra,Coventry University
638396,Mellie,Lucas,Aston University
638397,Francis,Mccarty,Sheffield Hallam University
638398,Carey,Harrison,Liverpool Hope University
638399,Michaele,Small,University College London
638400,Rebbecca,Wiley,The University of Law
638401,Carolynn,Reilly,University of Exeter
638402,Flo,Weber,University of Wales Trinity Saint David
638403,Tiesha,Bradley,Loughborough University
638404,Shon,Pace,University of Sunderland
638405,Danille,Morin,University of Chester
638406,Jake,Mckenzie,University College Birmingham
638407,Mika,Delaney,"School of Advanced Study, University of London"
638408,Drew,Cervantes,Southampton Solent University
638409,Curtis,Best,Royal College of Art
638410,Scotty,Ferguson,Southampton Solent University
638411,Lurline,Morales,Kingston University
638412,Floyd,Cote,Bangor University
638413,Charlesetta,Marks,Queen's University Belfast
638414,Houston,Padilla,The University of Manchester
638415,Ettie,Benton,University of South Wales
638416,Wallace,Oliver,"London School of Hygiene and Tropical Medicine, University of London"
638417,Carita,Porter,Royal Conservatoire of Scotland
638418,Rosendo,Turner,Manchester Metropolitan University
638419,Leonel,Levy,Northumbria University
638420,Janetta,Wilkinson,Leeds Beckett University
638421,Robt,Newman,City University London
638422,Tony,Bryant,University of Glasgow
638423,Gayle,Hutchinson,University of Oxford
638424,Vaughn,Cain,University of South Wales
638425,Neda,Warren,Royal Conservatoire of Scotland
638426,Emilio,Underwood,University of Abertay Dundee
638427,Waneta,Dodson,The University of Winchester
638428,An,Cote,University of Surrey
638429,Milton,Reilly,De Montfort University
638430,Ralph,Patel,University of Glasgow
638431,Dominique,Dorsey,Harper Adams University
638432,Alec,Meyers,Manchester Metropolitan University
638433,Jenee,Gonzales,York St John University
638434,Sterling,Peters,King's College London
638435,Micheline,Campbell,Nottingham Trent University
638436,Glenn,Bonner,Brunel University
638437,Jarrod,Bentley,University for the Creative Arts
638438,Yung,Walsh,University of West London
638439,Shawanna,Dixon,University of Portsmouth
638440,Carline,Ruiz,University College London
638441,Trinh,West,"Birkbeck, University of London"
638442,Napoleon,Freeman,University of Aberdeen
638443,Kermit,O'connor,University of Leicester
638444,Isaac,Rivers,University of Roehampton
638445,Romelia,Potter,Aberystwyth University
638446,Retta,Cameron,University College Birmingham
638447,Ludie,Gilbert,University of Wales
638448,Donn,Merritt,Plymouth University
638449,Vernetta,Davenport,Middlesex University
638450,Granville,Wright,Royal Agricultural University
638451,Garret,Quinn,"Birkbeck, University of London"
638452,Andre,Alston,Royal Veterinary College University of London
638453,Lindsey,Yang,University of Huddersfield
638454,Cris,Harrison,University of St Andrews
638455,Stacy,Dunlap,Edinburgh Napier University
638456,Catheryn,Ramos,Sheffield Hallam University
638457,Mertie,Mason,Glasgow School of Art
638458,Alvera,Norton,Bath Spa University
638459,Giuseppe,Wilson,"London School of Hygiene and Tropical Medicine, University of London"
638460,Cuc,Taylor,Loughborough University
638461,Josiah,Jacobs,University of Chester
638462,Johnathan,Marquez,Coventry University
638463,Alexander,Mcdowell,De Montfort University
638464,Hilario,Dominguez,University of Strathclyde
638465,Alysa,Edwards,European School of Economics
638466,Tracey,Hill,University of East Anglia
638467,Trevor,Wilkins,The University of Warwick
638468,Francie,Hebert,University for the Creative Arts
638469,Ezra,Collins,Glyndwr University
638470,Dagmar,Donovan,University of Oxford
638471,Stephan,Briggs,Royal College of Music
638472,Marianela,Velasquez,The University of York
638473,Frederick,Ross,University of Salford
638474,Miguel,Oliver,Heriot-Watt University
638475,Otis,Levine,Southampton Solent University
638476,Arthur,Holt,University of Greenwich
638477,Sang,Robbins,University of Brighton
638478,Alden,Rosa,Leeds Beckett University
638479,Alva,Ware,University of Kent
638480,Roberto,Bailey,Queen Mary University of London
638481,Melodi,Whitley,Norwich University of the Arts
638482,Shea,Head,Birmingham City University
638483,Jina,Holloway,University of the Arts London
638484,Thomasine,Mueller,Canterbury Christ Church University
638485,Tora,Walton,University of Gloucestershire
638486,Carola,Mack,Buckinghamshire New University
638487,Audie,Mcfadden,University of Worcester
638488,Mark,Bullock,The University of York
638489,Ai,Hill,Plymouth University
638490,Darrin,Callahan,University College London
638491,Les,Wallace,Liverpool Hope University
638492,Eduardo,Duncan,Newcastle University
638493,Galen,Farmer,Queen Mary University of London
638494,Elton,Stone,University of Strathclyde
638495,Ulysses,Rodriquez,University of Cumbria
638496,Gertrud,Murphy,Arts University Bournemouth
638497,Luther,Holmes,University of Southampton
638498,Moshe,Castaneda,Falmouth University
638499,Hyon,Walters,European School of Economics
638500,Marilou,Conway,University of Gloucestershire
638501,Ellamae,Mejia,University of Westminster
638502,Les,Reed,"St George's, University of London"
638503,Anamaria,Kelly,Imperial College London
638504,Luciano,Calhoun,University of Wolverhampton
638505,Toney,Rutledge,King's College London
638506,Agustin,Gomez,Plymouth University
638507,Sterling,Maxwell,University College London
638508,Cedric,Rutledge,"London School of Hygiene and Tropical Medicine, University of London"
638509,So,Navarro,York St John University
638510,Mathilde,Flynn,Leeds Trinity University
638511,Bethann,Kemp,The University of Buckingham
638512,Rosendo,Conrad,London Metropolitan University
638513,Sydney,Rodgers,"The Courtauld Institute of Art, University of London"
638514,Joesph,Weeks,University of Gloucestershire
638515,Jamie,Blankenship,Aston University
638516,Anjelica,Ferrell,Cranfield University
638517,Fernando,Wheeler,University College London
638518,Jamal,May,Newman University
638519,Brigid,Medina,University of Hertfordshire
638520,Tommye,Hinton,University of Roehampton
638521,Jerry,Preston,University of Bedfordshire
638522,Carlita,Mercado,The University of Edinburgh
638523,Jadwiga,Pitts,University of St Andrews
638524,Carter,Preston,University of Dundee
638525,Georgene,Butler,Teesside University
638526,Jetta,Rivera,Keele University
638527,Pura,Fowler,Durham University
638528,Brock,Erickson,Liverpool Hope University
638529,Adolph,Rutledge,Teesside University
638530,Tajuana,Spears,University for the Creative Arts
638531,Corey,Marsh,The University of Winchester
638532,Vasiliki,Rollins,University of Sussex
638533,Barton,Hampton,London Business School
638534,Cindie,Clark,Queen Mary University of London
638535,Thanh,Ortega,University of Wolverhampton
638536,Chang,Lancaster,"SOAS, University of London"
638537,Andre,Spears,BPP University
638538,Shalanda,Burt,Swansea University
638539,Raguel,Foreman,Royal Agricultural University
638540,Gertrud,Heath,King's College London
638541,Kenda,Ruiz,"St Mary's University, Twickenham"
638542,Jackeline,Bowman,Imperial College London
638543,Audrea,Harding,Aberystwyth University
638544,Venice,Erickson,Edinburgh Napier University
638545,Lamar,Robinson,University of Portsmouth
638546,Lashay,Bass,Bath Spa University
638547,Chadwick,Witt,Aberystwyth University
638548,Johnny,Campos,Aston University
638549,Leopoldo,Gallegos,University of East Anglia
638550,Thaddeus,Rowland,University of Worcester
638551,Florentina,Reyes,Falmouth University
638552,Hubert,Clay,University of the Arts London
638553,Mitchel,Cooper,University of Exeter
638554,Kacie,Berger,Canterbury Christ Church University
638555,Tereasa,Richmond,Plymouth University
638556,Tory,Sparks,Manchester Metropolitan University
638557,Bob,Haney,University of Bath
638558,Harley,Meyers,European School of Economics
638559,Antonina,Parks,University of Surrey
638560,Kelvin,Underwood,The University of Law
638561,Clint,Alford,City University London
638562,Ammie,Johnston,University of Strathclyde
638563,Mikki,Hansen,"St George's, University of London"
638564,Maria,Stein,Arts University Bournemouth
638565,Josh,Gibson,Cranfield University
638566,Grazyna,Pollard,Lancaster University
638567,Clark,Lynch,Leeds College of Art
638568,Alishia,James,Bishop Grosseteste University
638569,Piper,Travis,Anglia Ruskin University
638570,Franklyn,Velasquez,Durham University
638571,Glayds,Alvarado,European School of Economics
638572,Kelsi,Johnston,University of Bradford
638573,Harris,Rojas,Kingston University
638574,Jerry,Dawson,Coventry University
638575,Carroll,Hickman,Edinburgh Napier University
638576,Miesha,Estrada,Plymouth College of Art
638577,Brad,Petersen,University of Reading
638578,Trent,Sparks,Cardiff University
638579,Sacha,Acosta,University of Surrey
638580,Ossie,Mccormick,University of Bristol
638581,Jay,Hancock,University of Central Lancashire
638582,Berneice,Kramer,"Royal Academy of Music, University of London"
638583,Sadye,Harvey,London South Bank University
638584,Dannie,Jefferson,"London School of Hygiene and Tropical Medicine, University of London"
638585,Marty,Cunningham,University of Reading
638586,Bradley,Hayden,Ulster University
638587,Glenn,Roberts,University of Gloucestershire
638588,Gaylord,Alston,"The Courtauld Institute of Art, University of London"
638589,Aliza,Sandoval,University of Glasgow
638590,Cruz,Alvarez,University of Glasgow
638591,Gustavo,Wilkinson,University of East London
638592,Chere,Hicks,University of Aberdeen
638593,Torrie,Farrell,"London School of Hygiene and Tropical Medicine, University of London"
638594,Phylicia,Herrera,The University of Winchester
638595,Mahalia,Lawrence,University of London
638596,Brandon,Ellis,University of Hertfordshire
638597,Raleigh,Dennis,Plymouth College of Art
638598,Andrea,Patrick,"St George's, University of London"
638599,Dorthey,Turner,University of the Highlands and Islands
638600,Deandra,Mcbride,Nottingham Trent University
638601,Ulrike,Hobbs,Lancaster University
638602,Caroll,Bentley,University of Cambridge
638603,Carroll,Chambers,London South Bank University
638604,Alica,Deleon,Swansea University
638605,Benedict,Wheeler,"Birkbeck, University of London"
638606,Janyce,Vaughn,University of Surrey
638607,Simon,Pearson,University of Kent
638608,Marx,Estes,University of Exeter
638609,Gaston,Alston,University of Birmingham
638610,Hien,Bray,Buckinghamshire New University
638611,Hiram,Kerr,University of Reading
638612,Jonelle,Brock,University of St Mark and St John
638613,Dagny,Harrell,Brunel University
638614,Salvador,Hendrix,University of Southampton
638615,Leo,Wooten,Imperial College London
638616,Merrill,Gilliam,Bishop Grosseteste University
638617,Loyce,Irwin,The University of Warwick
638618,Vivienne,Sharp,London Business School
638619,Shery,Maynard,Regent's University London
638620,Ellis,Bauer,Bangor University
638621,Maegan,Rios,Middlesex University
638622,Maria,Rosa,Liverpool John Moores University
638623,Keesha,Martin,Northumbria University
638624,Maynard,Sims,Glasgow School of Art
638625,Curtis,Brock,University of Chichester
638626,Jarrett,Stone,"Heythrop College, University of London"
638627,Craig,Salas,Cardiff Metropolitan University
638628,Eleanora,Leonard,Royal College of Music
638629,Tad,Gregory,University of East Anglia
638630,Serina,Soto,Southampton Solent University
638631,Douglass,Mcfarland,"Birkbeck, University of London"
638632,Clarine,Evans,University of Derby
638633,Belkis,Yang,Queen's University Belfast
638634,Yee,Peters,University of Wales Trinity Saint David
638635,Aleen,Harvey,Falmouth University
638636,Darby,Henson,University of Cambridge
638637,Frederica,Mckenzie,London South Bank University
638638,Jeremiah,Bullock,Coventry University
638639,Marshall,Hooper,University of Salford
638640,Lavelle,Stewart,London Business School
638641,Sheldon,Hobbs,Canterbury Christ Church University
638642,Carmelo,Cotton,University of Bedfordshire
638643,Ezra,Huffman,The University of Buckingham
638644,Terrilyn,Dean,Manchester Metropolitan University
638645,Harry,Charles,"Goldsmiths, University of London"
638646,Macy,Mcgee,The University of Sheffield
638647,Leland,Lindsay,European School of Economics
638648,Beata,Foster,Bangor University
638649,Londa,Valdez,University of Birmingham
638650,Kayleen,Peck,Liverpool Hope University
638651,Michale,Jackson,University of St Andrews
638652,Sergio,Meadows,The University of Sheffield
638653,Lavonia,Leon,University of Birmingham
638654,Hue,Hopkins,BPP University
638655,Jarvis,Bailey,Staffordshire University
638656,Sana,Velazquez,University of Bath
638657,Gia,Garza,Edinburgh Napier University
638658,Francesco,Stout,University of Bedfordshire
638659,Boyce,Delgado,Newcastle University
638660,Dirk,Knapp,The University of Winchester
638661,Reed,Andrews,Harper Adams University
638662,Lien,Meyer,The University of Buckingham
638663,Maryalice,Blackwell,The University of Warwick
638664,Rayna,Rich,Northumbria University
638665,Aurelio,Fulton,Brunel University
638666,Fleta,Mcintosh,University of Abertay Dundee
638667,Eugenie,Strickland,Royal College of Art
638668,Rueben,Gamble,University of the Arts London
638669,Nancie,Wells,De Montfort University
638670,Tien,Suarez,University of St Mark and St John
638671,Danyel,Bernard,Anglia Ruskin University
638672,Blake,Fernandez,Glasgow School of Art
638673,Herb,Myers,Heriot-Watt University
638674,Paul,Burgess,University of the Highlands and Islands
638675,Reynaldo,Garner,University of East Anglia
638676,Malcom,Pierce,Royal Conservatoire of Scotland
638677,Deloras,Howard,"SOAS, University of London"
638678,Halley,Howell,Anglia Ruskin University
638679,Kraig,Larson,Brunel University
638680,Manda,Phillips,Newcastle University
638681,Jim,Clarke,University of Derby
638682,Cleopatra,Kline,"Birkbeck, University of London"
638683,Percy,Townsend,Teesside University
638684,Kayce,Battle,Aberystwyth University
638685,Gerry,Smith,"School of Advanced Study, University of London"
638686,Gaylene,Keith,Newcastle University
638687,Jeanice,Hammond,Royal Agricultural University
638688,Sharice,Guerrero,University of London
638689,Tyrone,Gilbert,University of Stirling
638690,Klara,Stephens,Liverpool Hope University
638691,Sherwood,Mayo,Bath Spa University
638692,Loreta,Wilkerson,"London School of Hygiene and Tropical Medicine, University of London"
638693,Oliver,Hill,Bishop Grosseteste University
638694,Kenton,Bowen,University of East Anglia
638695,Leontine,Miller,Leeds College of Art
638696,Amberly,Weiss,"Heythrop College, University of London"
638697,Timothy,Waller,University of Essex
638698,Aaron,Forbes,Plymouth College of Art
638699,Paz,Carr,"School of Advanced Study, University of London"
638700,Deloras,Bartlett,University of East London
638701,Son,Hobbs,University of Kent
638702,Marna,Chandler,Heriot-Watt University
638703,Jona,Morris,"The Courtauld Institute of Art, University of London"
638704,Zulema,Rich,Plymouth University
638705,Willette,Walsh,Buckinghamshire New University
638706,Floyd,Underwood,Aston University
638707,Isadora,Warner,University of Bolton
638708,Arnold,Hale,University of Bedfordshire
638709,Chadwick,Gilbert,University of Surrey
638710,Efrain,Harding,De Montfort University
638711,Rocco,Colon,Queen Mary University of London
638712,Daisey,Skinner,The London School of Economics and Political Science
638713,Seema,Sullivan,University of Brighton
638714,Kourtney,Beard,Canterbury Christ Church University
638715,Carol,Reed,London Metropolitan University
638716,Yong,Mcguire,Staffordshire University
638717,Angelyn,Cabrera,University of Leeds
638718,Sherwood,Sears,University of Glasgow
638719,Robert,Shepard,University of Huddersfield
638720,Antione,Garrison,Sheffield Hallam University
638721,Le,Mann,Bath Spa University
638722,Rickey,Vance,University of Cumbria
638723,Patricia,Grant,"Heythrop College, University of London"
638724,Flo,Marks,University of Wales
638725,Dania,Horton,Plymouth University
638726,Elden,Kelly,Queen Mary University of London
638727,Stephnie,Mercado,University of Chester
638728,Hermine,Porter,Birmingham City University
638729,Darrin,King,University of Roehampton
638730,Lilli,Stephens,University of Cambridge
638731,Melissia,Delaney,Birmingham City University
638732,Danille,Stevens,"School of Advanced Study, University of London"
638733,Rolf,Workman,University of Salford
638734,Cyril,Patton,University of Glasgow
638735,Jeffrey,Mitchell,Bath Spa University
638736,Pamila,Harvey,European School of Economics
638737,Rich,Kirkland,Southampton Solent University
638738,Oralee,Dennis,University of Worcester
638739,Filiberto,Tran,"Goldsmiths, University of London"
638740,Faustino,Perry,Oxford Brookes University
638741,Gertrud,Beasley,University of Gloucestershire
638742,Rudy,Buck,"St George's, University of London"
638743,Theresia,Rodriquez,Cardiff Metropolitan University
638744,Neal,Christensen,The University of Sheffield
638745,Kendrick,Blanchard,University of London
638746,Ira,Farrell,University of Sussex
638747,Tisa,Simmons,Durham University
638748,Rupert,Mcgee,University of Derby
638749,Joie,Duke,"Heythrop College, University of London"
638750,Loyd,Langley,Bangor University
638751,Magdalen,Casey,"SOAS, University of London"
638752,Henry,Koch,"St Mary's University, Twickenham"
638753,Melaine,Buck,University of Leeds
638754,Pura,Maddox,Aberystwyth University
638755,Jeromy,Dunn,University of Bristol
638756,Bernardo,Dyer,Glasgow School of Art
638757,Dinorah,Curtis,University of Gloucestershire
638758,Jennefer,Buckner,Harper Adams University
638759,Bruce,Terry,Cardiff University
638760,Ross,Lyons,"SOAS, University of London"
638761,Thersa,Banks,Edinburgh Napier University
638762,Matha,Hobbs,The London School of Economics and Political Science
638763,Carson,Snider,"St Mary's University, Twickenham"
638764,Graham,Weeks,Leeds College of Art
638765,Markita,Fernandez,University of Stirling
638766,Jae,Henson,Leeds Beckett University
638767,Fidelia,Macdonald,Bishop Grosseteste University
638768,Candyce,Bullock,The Royal Central School of Speech and Drama
638769,Duane,Boyle,London South Bank University
638770,Chadwick,Cleveland,University College London
638771,Robert,Moody,The University of Northampton
638772,Eusebia,Reynolds,University College London
638773,Rico,Mcdaniel,University College Birmingham
638774,Roy,Quinn,University of Exeter
638775,Denny,Hernandez,The University of Northampton
638776,Basil,Dale,City University London
638777,Lynn,Heath,Northumbria University
638778,Else,Bennett,Newman University
638779,Len,Sims,Royal Conservatoire of Scotland
638780,Usha,Combs,The Royal Central School of Speech and Drama
638781,Faustino,Morales,University of Chichester
638782,Maxwell,Mccall,University of South Wales
638783,Elisha,Dunlap,The University of Northampton
638784,Tracee,Schneider,University of Surrey
638785,Sherman,Flowers,Leeds Beckett University
638786,Oren,Mcleod,Glasgow School of Art
638787,Song,Rowland,University of Cambridge
638788,Nohemi,Bartlett,University of Leeds
638789,Francisco,Fleming,University of Chester
638790,Modesto,Sosa,University of Liverpool
638791,Keira,Landry,Queen's University Belfast
638792,Dewayne,Harrington,Newman University
638793,Brittanie,Aguilar,Bournemouth University
638794,Grover,Macias,Arts University Bournemouth
638795,Johnny,Church,Liverpool Hope University
638796,Alton,Dotson,Queen's University Belfast
638797,Melany,Myers,York St John University
638798,Donetta,Ballard,University of Wales Trinity Saint David
638799,Robbie,Frazier,Glyndwr University
638800,Jennefer,Santana,Newcastle University
638801,Jule,Frazier,The University of Northampton
638802,Donald,Sherman,The University of Sheffield
638803,Gabriel,Potts,Manchester Metropolitan University
638804,Robbie,Martin,University of Bristol
638805,Annett,Blair,Cranfield University
638806,Jimmy,Singleton,University of Bath
638807,James,Massey,University of Portsmouth
638808,Verlie,Bailey,Royal Veterinary College University of London
638809,Britany,Faulkner,The University of Buckingham
638810,Douglass,Moody,University of Stirling
638811,Raeann,Hardin,University of Southampton
638812,Jospeh,Robbins,University of Essex
638813,Colton,Fry,The University of Warwick
638814,Maria,Dunn,Glasgow School of Art
638815,Georgetta,Clayton,Liverpool John Moores University
638816,Ivory,Soto,University of East Anglia
638817,Reinaldo,Savage,University of the West of Scotland
638818,Dorian,Yates,"School of Advanced Study, University of London"
638819,Irving,Mckay,The University of Warwick
638820,Berenice,Mayer,Teesside University
638821,Dudley,Ryan,University of Aberdeen
638822,Lucas,Landry,University of Greenwich
638823,Isis,Forbes,University of East London
638824,Herschel,Higgins,Queen Mary University of London
638825,Ludie,Lowery,Cardiff University
638826,Williams,Mitchell,University of Chichester
638827,Salvatore,Baxter,University of the West of Scotland
638828,Wilhemina,Bray,University of Wales Trinity Saint David
638829,Sarina,Holloway,University of Wales Trinity Saint David
638830,Maida,Wells,The University of York
638831,Malisa,Kelley,University of the Highlands and Islands
638832,Dennis,Porter,Edge Hill University
638833,Danyell,Rosales,University of Gloucestershire
638834,Peter,Christensen,Bangor University
638835,Steven,Ramos,The University of Winchester
638836,Janee,Heath,The University of Sheffield
638837,Silvana,Miles,University of Wolverhampton
638838,Glynis,Nicholson,University of Bedfordshire
638839,Robbi,Blevins,University of Bolton
638840,Rodrigo,Pollard,Leeds Beckett University
638841,Linwood,Mitchell,The University of Winchester
638842,Dwight,Jarvis,Buckinghamshire New University
638843,Earlie,Bradley,York St John University
638844,Scotty,Richmond,University of Bristol
638845,Myron,Gibson,Newcastle University
638846,Almeta,Harrison,"Royal Holloway, University of London"
638847,Hubert,Whitfield,Newcastle University
638848,Derrick,Gould,Royal College of Music
638849,Mario,Dotson,University of Abertay Dundee
638850,Kaleigh,Pugh,"The Courtauld Institute of Art, University of London"
638851,Nenita,Hatfield,Queen's University Belfast
638852,Bernard,Boyle,Glasgow Caledonian University
638853,Cristopher,Sawyer,Middlesex University
638854,Bertram,Manning,The University of Law
638855,Cornelius,Velez,University of Aberdeen
638856,Dick,Mosley,University of Surrey
638857,Lakeesha,Cummings,University of Westminster
638858,Martin,Robertson,The University of Manchester
638859,Broderick,Brennan,University of Strathclyde
638860,Brent,Fisher,University of Bristol
638861,Thurman,Ayers,University of Lincoln
638862,Aubrey,Small,Ulster University
638863,Garfield,Luna,University of East London
638864,Clementina,Ramos,Loughborough University
638865,Takako,Young,London Business School
638866,Dan,Cantrell,London Business School
638867,Lemuel,Johns,Staffordshire University
638868,Brande,Ellison,Edinburgh Napier University
638869,Johna,Rivers,University of Wales
638870,Mauro,Copeland,Glyndwr University
638871,Waylon,Valdez,Leeds Beckett University
638872,Anderson,Kirby,University of Gloucestershire
638873,Tommie,Vinson,University of Chichester
638874,Kermit,Alford,University of Chester
638875,Kim,Jones,University of the West of Scotland
638876,Junior,Hutchinson,Glasgow School of Art
638877,Alise,Summers,City University London
638878,Hye,Roberson,The University of Sheffield
638879,Lesley,Walker,Queen Mary University of London
638880,Margarett,Vazquez,London Business School
638881,Lien,Sosa,BPP University
638882,Hilario,Carney,Cardiff Metropolitan University
638883,Noriko,Wade,University of Liverpool
638884,Sommer,Fuller,University of East Anglia
638885,Thora,Sykes,"Birkbeck, University of London"
638886,Clement,Knight,"St George's, University of London"
638887,Trevor,Bridges,Royal Agricultural University
638888,Anette,Wood,University of Liverpool
638889,Ka,Thomas,University for the Creative Arts
638890,Howard,Osborne,University of Salford
638891,Willis,Boyd,University of Leicester
638892,Brigid,Yates,University of Oxford
638893,Taylor,Garrett,University of Bolton
638894,Lynetta,Marks,University of Bristol
638895,Tiera,Kennedy,Coventry University
638896,Steve,Cannon,University of Sussex
638897,Bernardo,Sanford,Royal Agricultural University
638898,Moshe,Duke,Swansea University
638899,Vania,Holder,Swansea University
638900,Hildred,Carroll,The University of Edinburgh
638901,Leo,Cooke,Edinburgh Napier University
638902,Brigida,Powers,University of Salford
638903,Elmer,Nieves,University of Roehampton
638904,Bradley,Stark,Norwich University of the Arts
638905,Arcelia,Trevino,Teesside University
638906,Carlos,Sargent,The University of Edinburgh
638907,Kayleigh,Tran,Buckinghamshire New University
638908,Lanell,Cruz,Northumbria University
638909,Min,Spencer,Heriot-Watt University
638910,Earnest,Banks,Royal Veterinary College University of London
638911,Jarrod,Weber,Edinburgh Napier University
638912,Mana,Duke,University of Derby
638913,Aurelio,Myers,Royal Veterinary College University of London
638914,Laurence,Cantu,The University of Nottingham
638915,Raymundo,Mcdaniel,Liverpool John Moores University
638916,Vella,Stuart,Edge Hill University
638917,Tomiko,Davenport,Staffordshire University
638918,Jamika,Fields,Loughborough University
638919,Rafael,Douglas,City University London
638920,September,Cameron,Staffordshire University
638921,Percy,Hart,Nottingham Trent University
638922,Ira,Mckay,"London School of Hygiene and Tropical Medicine, University of London"
638923,Madalyn,Bates,The University of Edinburgh
638924,Samual,Avila,University of Sunderland
638925,Muoi,Byrd,University of Birmingham
638926,Cheree,Leon,The University of Northampton
638927,Jeffry,Skinner,Middlesex University
638928,Darcey,Lee,Plymouth University
638929,Celestina,Holman,Edinburgh Napier University
638930,Charley,Avila,University of Aberdeen
638931,Ewa,Mckenzie,Royal Conservatoire of Scotland
638932,Felicidad,Dudley,University of Birmingham
638933,Columbus,Santiago,University of Derby
638934,Jeremy,Shepard,Royal Conservatoire of Scotland
638935,Domenica,Bonner,University of Strathclyde
638936,Reginald,Delacruz,"The Courtauld Institute of Art, University of London"
638937,Joel,Slater,University of the West of England
638938,Lasandra,Rivera,University of Aberdeen
638939,Elin,Conley,Southampton Solent University
638940,Albertine,Cortez,BPP University
638941,Chas,Faulkner,University of Brighton
638942,Carola,Moore,University of Bristol
638943,Colby,Dalton,Aston University
638944,Malcolm,Graves,University of Aberdeen
638945,Dallas,Hebert,Teesside University
638946,Edwardo,Berry,University of Essex
638947,Kizzie,Cleveland,Aston University
638948,Roger,Blake,Durham University
638949,Ardelle,Jarvis,Liverpool Hope University
638950,Tamisha,Russell,Leeds College of Art
638951,Glennie,Frazier,University of Leeds
638952,Laverna,Bruce,University of Reading
638953,Milton,Cooper,"St George's, University of London"
638954,Christinia,Haynes,Glasgow School of Art
638955,Florentina,Bowman,University of Essex
638956,Dusti,Pugh,Buckinghamshire New University
638957,Karl,Leon,Cranfield University
638958,Fidela,Chavez,Newman University
638959,Patience,Maddox,The University of Law
638960,Vincenzo,Burton,Durham University
638961,Many,Perry,Buckinghamshire New University
638962,Lavern,Flores,"Heythrop College, University of London"
638963,Harrison,O'neil,The Royal Central School of Speech and Drama
638964,Chad,Weaver,Manchester Metropolitan University
638965,Chet,Morgan,"London School of Hygiene and Tropical Medicine, University of London"
638966,Dannie,Hardin,Buckinghamshire New University
638967,Odell,Romero,Royal College of Music
638968,Yolande,Carney,Bishop Grosseteste University
638969,Celine,Rocha,Plymouth University
638970,Enrique,Russell,University of South Wales
638971,Arletta,Lawrence,The University of Northampton
638972,Chante,Merritt,Aberystwyth University
638973,Rayna,Shepherd,University of Bedfordshire
638974,Tonda,Cameron,University of Chester
638975,Nga,Chavez,University of Stirling
638976,Antoine,Barber,Edge Hill University
638977,Renaldo,Stanton,"Goldsmiths, University of London"
638978,Zulma,Glover,University of Sunderland
638979,Jess,Mccormick,"St George's, University of London"
638980,Jared,Richard,University of Worcester
638981,Sharmaine,Hicks,University of Bristol
638982,Lael,Blankenship,"St George's, University of London"
638983,Ayana,Mclaughlin,University of St Mark and St John
638984,Adan,Delacruz,Queen's University Belfast
638985,Loura,Kelly,The London School of Economics and Political Science
638986,Fernanda,Hogan,University of Wolverhampton
638987,Norbert,Goff,Cardiff University
638988,Andres,Lucas,University of Stirling
638989,Kiley,Bernard,Harper Adams University
638990,Lavern,Todd,University of Bradford
638991,Kimi,Baker,Lancaster University
638992,Zackary,Valdez,University of Greenwich
638993,Edmond,Cantu,University College Birmingham
638994,Cody,Garner,University of Bath
638995,Rikki,Merrill,University of Bolton
638996,Mike,Poole,Manchester Metropolitan University
638997,Morton,Porter,Nottingham Trent University
638998,Diego,Bonner,University of Kent
638999,Sari,Young,University of Roehampton
